Workbook

Sheet SUMUP 
C4: Business Unit (BU) | H4: Lines of Business (LOB) | L4: Connectable products | O4: Supects products | R4: TOTAL | T4: These amounts of product in each lob are not completely exhaustive same as the protocols listed within the list
C7: Industrial Automation | H7: Process Automation | L7: 78 | O7: 14 | R7: =SUM(L7:Q7) -> 92
H8: Digital Factory | L8: 28 | O8: 5 | R8: =SUM(L8:Q8) -> 33
H9: Industrial Control & Drives | L9: 26 | O9: 0 | R9: =SUM(L9:Q9) -> 26
C11: AVEVA | H11: AVEVA | L11: 86 | O11: 0 | R11: =SUM(L11:Q11) -> 86
C13: Energy Management | H13: Digital Power | L13: 111 | O13: 0 | R13: =SUM(L13:Q13) -> 111
H14: Digital Building | L14: 37 | O14: 5 | R14: =SUM(L14:Q14) -> 42
H15: Secure Power | L15: 71 | O15: 18 | R15: =SUM(L15:Q15) -> 89
H16: Power Products | L16: 19 | O16: 7 | R16: =SUM(L16:Q16) -> 26
H17: Power Systems | L17: 0 | O17: 22 | R17: =SUM(L17:Q17) -> 22
H18: Home & Distribution | L18: 8 | O18: 0 | R18: =SUM(L18:Q18) -> 8
C20: Innovation at the Edge | H20: Digital Grid | L20: 7 | O20: 0 | R20: =SUM(L20:Q20) -> 7
H21: eMobility | L21: 1 | O21: 0 | R21: =SUM(L21:Q21) -> 1
H22: Energy storage & Solar | L22: 0 | O22: 1 | R22: =SUM(L22:Q22) -> 1
H23: Company portfolio | L23: 0 | O23: 9 | R23: =SUM(L23:Q23) -> 9
H24: TOTAL | L24: =SUM(L7:N9,L11,L13:N18,L20:N23) -> 472 | O24: =SUM(O7:Q9,O11,O13:Q18,O20:Q23) -> 81 | R24: =SUM(R7:R9,R11,R13:R18,R20:R23) -> 553
D28: Business Unit (BU) | I28: Lines of Business (LOB) | M28: Product Ranges | P28: Product Ranges w/ Fingerprints | S28: Percentages of Ranges visible on the public internet
D31: Industrial Automation | I31: Process Automation | M31: 83 | P31: 17 | S31: =(P31/M31) -> 0.20481928
I32: Digital Factory | M32: 35 | P32: 8 | S32: =(P32/M32) -> 0.22857143
I33: Industrial Control & Drives | M33: 26 | P33: 4 | S33: =(P33/M33) -> 0.15384615
D34: Energy Management | I34: Digital Power | M34: 111 | P34: 22 | S34: =(P34/M34) -> 0.1981982
I35: Digital Building | M35: 42 | P35: 15 | S35: =(P35/M35) -> 0.35714286
I36: Secure Power | M36: 89 | P36: 14 | S36: =(P36/M36) -> 0.15730337
I37: Power Products | M37: 26 | P37: 2 | S37: =(P37/M37) -> 0.076923077
I38: Power Systems | M38: 22 | P38: 1 | S38: =(P38/M38) -> 0.045454545
I39: Home & Distribution | M39: 8 | P39: 3 | S39: =(P39/M39) -> 0.375
I40: TOTAL | M40: =SUM(M31:O39) -> 442 | P40: =SUM(P31:R39) -> 86 | S40: =(P40/M40) -> 0.19457014
D45: Business Unit (BU) | I45: Product Ranges | L45: Product Ranges with Fingerprints | O45: % | T45: Business Unit (BU) | Y45: Product Ranges | AB45: Product Ranges with Fingerprints | AE45: %
D47: Industrial Automation | I47: =COUNTA('Industrial Automation'!D3:D153) -> 151 | L47: =COUNTIF('Industrial Automation'!C3:C153,"Yes") -> 30 | O47: =L47/I47 -> 0.1986755 | T47: Industrial Automation | Y47: 146 | AB47: 30 | AE47: 0.20547945
D48: Energy Management | I48: =COUNTA('Digital Power'!D3:D172)+COUNTA('Digital Building'!A3:A50)+COUNTA('Secure Power (OLD)'!E3:E95)+COUNTA('Power Products'!E3:E24)+COUNTA('Power System'!D3:D24)+COUNTA('Home & Distribution'!C3:C7) -> 354 | L48: =COUNTIF('Digital Power'!#REF!, "Yes")+COUNTIF('Digital Building'!#REF!, "Yes")+COUNTIF('Secure Power (OLD)'!A3:A95, "Yes")+COUNTIF('Power Products'!#REF!, "Yes")+COUNTIF('Power System'!#REF!, "Yes")+COUNTIF('Home & Distribution'!#REF!, "Yes") -> #REF! | O48: =L48/I48 -> #REF! | T48: Energy Management | Y48: 298 | AB48: 57 | AE48: 0.19127517
I49: =I47+I48 -> 505 | L49: =L47+L48 -> #REF! | O49: =L49/I49 -> #REF! | Y49: 444 | AB49: 87 | AE49: 0.19594595
E51: Digital Power | I51: =COUNTA('Digital Power'!D3:D172) -> 170 | L51: =COUNTIF('Digital Power'!#REF!, "Yes") -> #REF! | O51: =L51/I51 -> #REF! | U51: Digital Power | Y51: 111 | AB51: 22 | AE51: 0.1981982
E52: Digital Building | I52: =COUNTA('Digital Building'!A3:A50) -> 44 | L52: =COUNTIF('Digital Building'!#REF!, "Yes") -> #REF! | O52: =L52/I52 -> #REF! | U52: Digital Building | Y52: 42 | AB52: 15 | AE52: 0.35714286
E53: Secure Power | I53: =COUNTA('Secure Power (OLD)'!E3:E95) -> 93 | L53: =COUNTIF('Secure Power (OLD)'!A3:A95, "Yes") -> 4 | O53: =L53/I53 -> 0.043010753 | U53: Secure Power | Y53: 89 | AB53: 14 | AE53: 0.15730337
E54: Power Products | I54: =COUNTA('Power Products'!E3:E24) -> 22 | L54: =COUNTIF('Power Products'!#REF!, "Yes") -> #REF! | O54: =L54/I54 -> #REF! | U54: Power Products | Y54: 26 | AB54: 2 | AE54: 0.076923077
E55: Power Systems | I55: =COUNTA('Power System'!D3:D24) -> 22 | L55: =COUNTIF('Power System'!#REF!, "Yes") -> #REF! | O55: =L55/I55 -> #REF! | U55: Power Systems | Y55: 22 | AB55: 1 | AE55: 0.045454545
E56: Home & Distribution | I56: =COUNTA('Home & Distribution'!C3:C7) -> 3 | L56: =+COUNTIF('Home & Distribution'!#REF!, "Yes") -> #REF! | O56: =L56/I56 -> #REF! | U56: Home & Distribution | Y56: 8 | AB56: 3 | AE56: 0.375
I57: =SUM(I51:K56) -> 354 | L57: =SUM(L51:N56) -> #REF! | O57: =L57/I57 -> #REF! | Y57: 298 | AB57: 57 | AE57: 0.19127517

Sheet Summary Sheet
B3: BU | C3: LOB | D3: No. of Connected Product Ranges | E3: Detection Status - SE Product Ranges | I3: Total Detection Capability (No, %) | L3: Review Status
E4: Seen on BS | F4: Seen on Shodan & Censys | G4: Seen across all 3 platforms | H4: Additional Capability Internal (Y) + BS (N)
B5: Industrial Automation | C5: Digital Factory | D5: ='Industrial Automation'!D1 -> 151 | E5: ='Industrial Automation'!B1 -> 43 | F5: ='Industrial Automation'!C1 -> 30 | G5: 11 | H5: 19 | I5: =E5+H5 -> 62 | J5: =(E5+H5)/D5 -> 0.41059603 | L5: Done
C6: Industrial Controls & Drives
C7: Process Automation
B8: Energy Management | C8: Digital Buildings (D. Energy) | D8: ='Digital Building'!C1 -> 48 | E8: ='Digital Building'!A1 -> 11 | F8: ='Digital Building'!B1 -> 15 | G8: =COUNTIFS('Digital Building'!A:A,"Yes",'Digital Building'!B:B,"Yes") -> 5 | H8: =COUNTIFS('Digital Building'!A:A,"No",'Digital Building'!B:B,"Yes") -> 10 | I8: =E8+H8 -> 21 | J8: =(H8+E8)/D8 -> 0.4375
C9: Digital Power (D. Energy) | D9: ='Digital Power'!D1 -> 170 | E9: ='Digital Power'!B1 -> 27 | F9: ='Digital Power'!C1 -> 21 | G9: =COUNTIFS('Digital Power'!B:B,"Yes",'Digital Power'!C:C,"Yes") -> 8 | H9: =COUNTIFS('Digital Power'!B:B,"No",'Digital Power'!C:C,"Yes") -> 13 | I9: =E9+H9 -> 40 | J9: =(H9+E9)/D9 -> 0.23529412 | L9: Review pending
C10: MicroGrid (D. Energy) | D10: =MicroGrid!D1 -> 15 | E10: =MicroGrid!B1 -> 0 | F10: =MicroGrid!C1 -> 0 | G10: =COUNTIFS(MicroGrid!B:B,"Yes",MicroGrid!C:C,"Yes") -> 0 | H10: =COUNTIFS(MicroGrid!B:B,"No",MicroGrid!C:C,"Yes") -> 0 | I10: =E10+H10 -> 0 | J10: =(H10+E10)/D10 -> 0 | L10: Review pending
C11: EcoStruxure Power (D. Energy) | D11: ='EcoStruxure Power'!D1 -> 32 | E11: ='EcoStruxure Power'!B1 -> 1 | F11: ='EcoStruxure Power'!C1 -> 1 | G11: =COUNTIFS('EcoStruxure Power'!B:B,"Yes",'EcoStruxure Power'!C:C,"Yes") -> 0 | H11: =COUNTIFS('EcoStruxure Power'!B:B,"No",'EcoStruxure Power'!C:C,"Yes") -> 1 | I11: =E11+H11 -> 2 | J11: =(H11+E11)/D11 -> 0.0625 | L11: Review pending
C12: Secure Power | D12: ='Secure Power'!E1 -> 24 | E12: ='Secure Power'!A1 -> 3 | F12: ='Secure Power'!B1 -> 7 | G12: =COUNTIFS('Secure Power'!A:A,"Yes",'Secure Power'!B:B,"Yes") -> 0 | H12: =COUNTIFS('Secure Power'!A:A,"No",'Secure Power'!B:B,"Yes") -> 7 | I12: =E12+H12 -> 10 | J12: =(H12+E12)/D12 -> 0.41666667 | L12: Done
C13: Power Products | D13: ='Power Products'!E1 -> 22 | E13: ='Power Products'!C1 -> 5 | F13: ='Power Products'!D1 -> 2 | G13: =COUNTIFS('Power Products'!C:C,"Yes",'Power Products'!D:D,"Yes") -> 0 | H13: =COUNTIFS('Power Products'!C:C,"No",'Power Products'!D:D,"Yes") -> 2 | I13: =E13+H13 -> 7 | J13: =(H13+E13)/D13 -> 0.31818182 | L13: Done
C14: Home Solutions | D14: ='Home & Distribution'!C1 -> 3 | E14: ='Home & Distribution'!A1 -> 3 | F14: ='Home & Distribution'!B1 -> 1 | G14: =COUNTIFS('Home & Distribution'!A:A,"Yes",'Home & Distribution'!B:B,"Yes") -> 1 | H14: =COUNTIFS('Home & Distribution'!A:A,"No",'Home & Distribution'!B:B,"Yes") -> 0 | I14: =E14+H14 -> 3 | J14: =(H14+E14)/D14 -> 1 | L14: Done
C15: Power Systems | D15: ='Power System'!C1 -> 22 | E15: ='Power System'!A1 -> 0 | F15: ='Power System'!B1 -> 1 | G15: =COUNTIFS('Power System'!A:A,"Yes",'Power System'!B:B,"Yes") -> 0 | H15: =COUNTIFS('Power System'!A:A,"No",'Power System'!B:B,"Yes") -> 1 | I15: =E15+H15 -> 1 | J15: =(H15+E15)/D15 -> 0.045454545
B16: Innovation @ Edge | C16: Digital Grid | L16: Not Started
C17: eMobility | L17: Not Started
C19: Total | D19: =SUM(D5:D15) -> 487 | E19: =SUM(E5:E15) -> 93 | F19: =SUM(F5:F15) -> 78 | G19: =SUM(G5:G15) -> 25 | H19: =SUM(H5:H15) -> 53 | I19: =SUM(I5:I15) -> 146 | J19: Global Detection Status
D20: 1 | E20: =E19/D19 -> 0.19096509 | F20: =F19/D19 -> 0.16016427 | G20: =G19/D19 -> 0.051334702 | H20: =H19/D19 -> 0.10882957 | I20: =I19/D19 -> 0.29979466
B24: Assumptions / Activities done | E24: Action Needed
B25: All offers ranges have been manually identified. | E25: BU/LOB to confirm the list of offer ranges. Add/subtract based on latest updates available within the BU/LOB.
B26: Some offer ranges don't have connectable products | E26: Confirmation needed by the LOB. Those ranges to be removed from global list of connectable offers.
B29: Target state to achieve
B30: Final SE offers list with connectable products only as the baseline including legacy products (max 10 years).
B31: Fingerprints per product or product range to be

Sheet M-o-M
B2: 45689
B19: 45809
B41: 45870
B62: 45919

Sheet Capability Table
M2: 45689
B3: BU | C3: LOB | D3: No. of Connected Product Ranges | E3: Total Detection Capability (No, %)
B5: Industrial Automation | C5: Digital Factory | D5: ='Summary Sheet'!D5 -> 151 | E5: ='Summary Sheet'!I5 -> 62 | F5: =E5/D5 -> 0.41059603
C6: Industrial Controls & Drives
C7: Process Automation
B8: Energy Management | C8: Digital Power (D. Energy) | D8: ='Summary Sheet'!D9 -> 170 | E8: ='Summary Sheet'!I9 -> 40 | F8: =E8/D8 -> 0.23529412
C9: Digital Buildings (D. Energy) | D9: ='Summary Sheet'!D8 -> 48 | E9: ='Summary Sheet'!I8 -> 21 | F9: =E9/D9 -> 0.4375
C10: Secure Power | D10: ='Summary Sheet'!D12 -> 24 | E10: ='Summary Sheet'!I12 -> 10 | F10: =E10/D10 -> 0.41666667
C11: Power Products | D11: ='Summary Sheet'!D13 -> 22 | E11: ='Summary Sheet'!I13 -> 7 | F11: =E11/D11 -> 0.31818182
C12: Home & Distribution | D12: ='Summary Sheet'!D14 -> 3 | E12: ='Summary Sheet'!I14 -> 3 | F12: =E12/D12 -> 1
C13: Power Systems | D13: ='Summary Sheet'!D15 -> 22 | E13: ='Summary Sheet'!I15 -> 1 | F13: =E13/D13 -> 0.045454545
C14: Total | D14: =SUM(D5:D13) -> 440 | E14: =SUM(E5:E13) -> 144 | F14: Global Detection Status
D15: 1 | E15: =E14/D14 -> 0.32727273
R16: =153+119+44+93+28+14+22 -> 473
B19: Assumptions / Activities done
B20: All offers ranges have been manually identified.
B21: Some offer ranges don't have connectable products
N23: OT Protocols Detection
B24: Target state to achieve | N24: 2024 Ambition | O24: 10
B25: Final SE offers list with connectable products only as the baseline including legacy products (max 10 years). | N25: Actual | O25: 8
B26: Fingerprints per product or product range to be | N26: % | O26: =O25/O24 -> 0.8
C31: IA | D31: 155 | E31: 64
C32: DP | D32: 120 | E32: 45
C33: DB | D33: 44 | E33: 21
C34: SP | D34: 93 | E34: 18
C35: PP | D35: 21 | E35: 7
C36: H&D | D36: 9 | E36: 7
C37: Total | D37: =SUM(D31:D36) -> 442 | E37: =SUM(E31:E36) -> 162
E38: =E37/D37 -> 0.36651584

Sheet Industrial Automation
B1: =COUNTIF(Table54[Seen on BS],"Yes") -> 43 | C1: =COUNTIF(Table54[Fingerprints available], "Yes") -> 30 | D1: =COUNTA(Table54[[Product range ]]) -> 151 | E1: =SUBTOTAL(3,Table54[[Product range ]]) -> 151
A2: Priority | B2: Seen on BS | C2: Fingerprints available | D2: Product range | E2: Family | F2: LOB | G2: BU | H2: Type | I2: EcoStruxure Level | J2: State | K2: Notes | L2: Protocols | M2: BacNet | N2: EIP | O2: FTP | P2: HTTP/HTTPS | Q2: KNX | R2: mDNS | S2: Modbus Series | T2: ModbusTCP | U2: SNTP | V2: SNMP | W2: SQL Server | X2: Telnet | Y2: DNP3 | Z2: Web | AA2: SMTP | AB2: SFTP | AC2: 3,4G | AD2: Wifi , IPV4,6 | AE2: IEC 60870-5-103/104/101 | AF2: IEC 61850 | AG2: Zigbee | AH2: Other | AI2: Available at GSL B'lore
A3: High | B3: Yes | C3: No | D3: Advantys OTB | E3: PLC, PAC and dedicated controllers | F3: Process automation | G3: Industrial Automation | H3: HW | I3: Edge Control | J3: No information | L3: Modbus Serie, Modbus TCP | S3: Y | T3: Y
A4: High | B4: No | C4: No | D4: Advantys STB | E4: PLC, PAC and dedicated controllers | F4: Process automation | G4: Industrial Automation | H4: HW | I4: Edge Control | J4: Commercialized | L4: Modbus Serie, Modbus TCP | S4: Y | T4: Y
A5: Low | B5: No | C5: No | D5: ATS22 | E5: Variable speed drives | F5: Industrial control and drives | G5: Industrial Automation | H5: HW | I5: Connected product | J5: No information | L5: Modbus Serie, Modbus TCP | S5: Y
A6: Low | B6: No | C6: No | D6: ATS48 | E6: Variable speed drives | F6: Industrial control and drives | G6: Industrial Automation | H6: HW | I6: Connected product | J6: End of commercialisation | L6: Modbus Serie, Modbus TCP | S6: Y | T6: Y
A7: Low | B7: Yes | C7: No | D7: ATS480 | E7: Variable speed drives | F7: Industrial control and drives | G7: Industrial Automation | H7: HW | I7: Connected product | J7: Commercialized | L7: Modbus Serie, Modbus TCP | S7: Y | T7: Y
A8: Low | B8: No | C8: No | D8: ATV 212 | E8: Variable speed drives | F8: Industrial control and drives | G8: Industrial Automation | H8: HW | I8: Connected product | J8: Commercialized | L8: Bacnet, Modbus TCP | M8: Y | S8: Y
A9: Low | B9: No | C9: No | D9: ATV 212 (HVAC) | E9: Variable speed drives | F9: Process automation | G9: Industrial Automation | H9: HW | I9: Edge control | J9: Commercialized
A10: Low | B10: No | C10: No | D10: ATV 680 AFE | E10: Variable speed drives | F10: Industrial control and drives | G10: Industrial Automation | H10: HW | I10: Connected product | J10: Commercialized | L10: Modbus TCP | T10: Y | Z10: Y?
A11: Low | B11: No | C11: No | D11: ATV AFE | E11: Variable speed drives | F11: Industrial control and drives | G11: Industrial Automation | H11: HW | I11: Connected product | J11: No information | L11: Modbus TCP | T11: Y
A12: Low | B12: No | C12: No | D12: ATV12 | E12: Variable speed drives | F12: Industrial control and drives | G12: Industrial Automation | H12: HW | I12: Connected product | J12: Commercialized | L12: Modbus Serie, Modbus TCP | S12: Y
A13: Low | B13: No | C13: No | D13: ATV21 | E13: Variable speed drives | F13: Industrial control and drives | G13: Industrial Automation | H13: HW | I13: Connected product | J13: No information | L13: Bacnet, Modbus Serie? | M13: Y | S13: Y?
A14: Low | B14: Yes | C14: No | D14: ATV31 | E14: Variable speed drives | F14: Industrial control and drives | G14: Industrial Automation | H14: HW | I14: Connected product | J14: No information | L14: Modbus TCP | T14: Y
A15: Low | B15: No | C15: No | D15: ATV312 | E15: Variable speed drives | F15: Industrial control and drives | G15: Industrial Automation | H15: HW | I15: Connected product | J15: Commercialized | L15: Modbus Serie, Modbus TCP | S15: Y | T15: Y
A16: Low | B16: No | C16: No | D16: ATV32 | E16: Variable speed drives | F16: Industrial control and drives | G16: Industrial Automation | H16: HW | I16: Connected product | J16: End of commercialisation | L16: Modbus Serie, Modbus TCP | S16: Y | T16: Y
A17: Low | B17: Yes | C17: Yes | D17: ATV320 | E17: Variable speed drives | F17: Industrial control and drives | G17: Industrial Automation | H17: HW | I17: Connected product | J17: Commercialized | L17: Modbus Serie, Modbus TCP, FTP | N17: Y | S17: Y | T17: Y
A18: Low | B18: Yes | C18: No | D18: ATV340 | E18: Variable speed drives | F18: Industrial control and drives | G18: Industrial Automation | H18: HW | I18: Connected product | J18: Commercialized | N18: Y | T18: Y
A19: Low | B19: Yes | C19: Yes | D19: ATV600 | E19: Variable speed drives | F19: Industrial control and drives | G19: Industrial Automation | H19: HW | I19: Connected product | J19: Commercialized
A20: Low | B20: No | C20: No | D20: ATV6000 | E20: Variable speed drives | F20: Industrial control and drives | G20: Industrial Automation | H20: HW | I20: Connected product | J20: Commercialized | N20: Y | S20: Y | T20: Y
A21: Low | B21: Yes | C21: No | D21: ATV61 | E21: Variable speed drives | F21: Industrial control and drives | G21: Industrial Automation | H21: HW | I21: Connected product | J21: End of commercialisation | N21: Y | S21: Y | T21: Y
A22: Low | B22: No | C22: Yes | D22: ATV630 | E22: Variable speed drives | F22: Industrial control and drives | G22: Industrial Automation | H22: HW | I22: Connected product | J22: Commercialized | N22: Y | T22: Y
A23: Low | B23: No | C23: No | D23: ATV660 | E23: Variable speed drives | F23: Industrial control and drives | G23: Industrial Automation | H23: HW | I23: Connected product | J23: Commercialized | N23: Y
A24: Low | B24: No | C24: No | D24: ATV680 | E24: Variable speed drives | F24: Industrial control and drives | G24: Industrial Automation | H24: HW | I24: Connected product | J24: Commercialized | N24: Y | S24: Y | T24: Y
A25: Low | B25: No | C25: No | D25: ATV71 | E25: Variable speed drives | F25: Industrial control and drives | G25: Industrial Automation | H25: HW | I25: Connected product | J25: End of commercialisation | N25: Y | S25: Y | T25: Y
A26: Low | B26: Yes | C26: No | D26: ATV900 | E26: Variable speed drives | F26: Industrial control and drives | G26: Industrial Automation | H26: HW | I26: Connected product | J26: Commercialized
A27: Low | B27: No | C27: Yes | D27: ATV930 | E27: Variable speed drives | F27: Industrial control and drives | G27: Industrial Automation | H27: HW | I27: Connected product | J27: Commercialized | N27: Y | T27: Y
A28: Medium | B28: No | C28: No | D28: ClearSCADA , GeoSCADA | E28: Telemetry and remote SCADA | F28: Digital Factory | G28: Industrial Automation | H28: SW | I28: Edge control | J28: Commercialized | K28: Programming software | L28: Software
B29: No | C29: Yes | D29: EcoStruxure Architecture Builder | E29: Industrial Automation Software | F29: Process automation | G29: Industrial Automation | H29: SW | I29: Edge control | J29: Commercialized | K29: Programming software | L29: Software
B30: No | C30: Yes | D30: EcoStruxure Augmented Operator Advisor | F30: Digital Factory | G30: Industrial Automation | H30: SW | I30: Analytics | J30: Commercialized | L30: Software
A31: High | B31: No | C31: Yes | D31: EcoStruxure Automation Expert | E31: Industrial Automation Software | F31: Process automation | G31: Industrial Automation | H31: SW | I31: Edge control | J31: Commercialized | K31: Programming software | L31: Software
B32: No | C32: Yes | D32: EcoStruxure Autonomous Production Advisor | E32: Process control and safety | F32: Digital Factory | G32: Industrial Automation | H32: SW | I32: Analytics | J32: Commercialized | L32: Software
B33: No | C33: No | D33: EcoStruxure Clean-in-Place Advisor | E33: Digital Services | F33: Digital Factory | G33: Industrial Automation | H33: SW | I33: Analytics | J33: Commercialized | L33: Software
B34: No | C34: No | D34: EcoStruxure Compressor Performance Monitor | F34: Digital Factory | G34: Industrial Automation | H34: SW | I34: Edge control | J34: Commercialized | L34: Software
B35: No | C35: Yes | D35: EcoStruxure Control Advisor ,Demo | E35: Process control and safety | F35: Digital Factory | G35: Industrial Automation | H35: SW | I35: Analytics | J35: Commercialized | L35: Software
A36: High | B36: No | C36: Yes | D36: EcoStruxure Control Engineering | E36: PLC,PAC and Controllers | F36: Process automation | G36: Industrial Automation | H36: SW | I36: Edge control | J36: Commercialized | K36: Programming software | L36: Software
A37: High | B37: No | C37: No | D37: EcoStruxure Control Expert | E37: PLC,PAC and Controllers | F37: Process automation | G37: Industrial Automation | H37: SW | I37: Edge control | J37: Commercialized | K37: Programming software | L37: Software
B38: No | C38: No | D38: EcoStruxure Field Device Expert | F38: Digital Factory | G38: Industrial Automation | H38: SW | I38: Edge control | J38: Commercialized | K38: Programming software | L38: Software
A39: High | B39: No | C39: No | D39: EcoStruxure Foxboro DCS | E39: Process control and safety | F39: Digital Factory | G39: Industrial Automation | H39: SW | I39: Edge control | J39: Commercialized | L39: Software
B40: No | C40: Yes | D40: EcoStruxure Machine Advisor | E40: Industrial Automation Software | F40: Digital Factory | G40: Industrial Automation | H40: SW | I40: Analytics | J40: Commercialized | L40: Software
B41: No | C41: No | D41: EcoStruxure Machine Expert | E41: Industrial Automation Software | F41: Process automation | G41: Industrial Automation | H41: SW | I41: Edge control | J41: Commercialized | K41: Programming software | L41: Software
B42: No | C42: No | D42: EcoStruxure Machine Expert Twin | E42: Industrial Automation Software | F42: Process automation | G42: Industrial Automation | H42: SW | I42: Edge control | J42: Commercialized | K42: Programming software | L42: Software
B43: No | C43: No | D43: EcoStruxure Machine SCADA Expert | F43: Process automation | G43: Industrial Automation | H43: SW | I43: Edge control | J43: Commercialized | K43: Programming software | L43: Software
B44: No | C44: No | D44: EcoStruxure Maintenance Advisor Software | E44: Process control and safety | F44: Digital Factory | G44: Industrial Automation | H44: SW | I44: Analytics | J44: Commercialized | L44: Software
B45: No | C45: Yes | D45: EcoStruxure Manufacturing Compliance Advisor | E45: Industrial Automation and control | F45: Digital Factory | G45: Industrial Automation | H45: SW | I45: Analytics | J45: Commercialized | K45: Offer found on SE website | L45: Software
A46: High | B46: No | C46: Yes | D46: EcoStruxure OPC UA Server Expert | E46: PLC,PAC and Controllers | F46: Digital Factory | G46: Industrial Automation | H46: SW | I46: Edge control | J46: Commercialized | K46: Programming software | L46: Software
B47: No | C47: No | D47: EcoStruxure Operator Terminal Expert | F47: Digital Factory | G47: Industrial Automation | H47: SW | I47: Edge control | J47: Commercialized | K47: Programming software | L47: Software
B48: No | C48: No | D48: EcoStruxure Plant Advisor | E48: Industrial Automation Software | F48: Digital Factory | G48: Industrial Automation | H48: SW | I48: Analytics | J48: Commercialized | L48: Software
B49: No | C49: No | D49: EcoStruxure Plant Performance Advisor | E49: Industrial Automation and control | F49: Digital Factory | G49: Industrial Automation | H49: SW | I49: Analytics | J49: Commercialized | K49: Offer found on SE website | L49: Software
B50: No | C50: No | D50: EcoStruxure Power and Process | E50: Industrial Automation and control | F50: Digital Factory | G50: Industrial Automation | H50: SW | I50: Analytics | J50: Commercialized | K50: Offer found on SE website | L50: Software
B51: No | C51: No | D51: EcoStruxure Power Automation System | E51: Industrial Automation and control | F51: Digital Factory | G51: Industrial Automation | H51: SW | I51: Analytics | J51: Commercialized | K51: Offer found on SE website | L51: Software (Use IEC61850)
B52: No | C52: Yes | D52: EcoStruxure Power SCADA Operation | E52: Industrial Automation and control | F52: Digital Factory | G52: Industrial Automation | H52: SW | I52: Analytics | J52: Commercialized | K52: Offer found on SE website | L52: Software
B53: No | C53: No | D53: EcoStruxure Process Advisor - Process Intelligence | E53: Industrial Automation and control | F53: Digital Factory | G53: Industrial Automation | H53: SW | I53: Analytics | J53: Commercialized | K53: Offer found on SE website | L53: Software
B54: No | C54: No | D54: EcoStruxure Process Expert | E54: Industrial Automation and control | F54: Process automation | G54: Industrial Automation | H54: SW | I54: Analytics | J54: Commercialized | K54: Offer found on SE website | L54: Software
B55: No | C55: No | D55: EcoStruxure Process Expert for AVEVA System Platform | E55: Process control and safety | F55: Digital Factory | G55: Industrial Automation | H55: SW | I55: Edge control | J55: Commercialized | K55: Programming software | L55: Software
B56: No | C56: No | D56: EcoStruxure Process Safety Advisor | E56: Process control and safety | F56: Digital Factory | G56: Industrial Automation | H56: SW | I56: Analytics | J56: Commercialized | L56: Software
B57: No | C57: No | D57: EcoStruxure Pumping Performance Advisor | E57: Industrial Automation and control | F57: Digital Factory | G57: Industrial Automation | H57: SW | I57: Analytics | J57: Commercialized | K57: Offer found on SE website | L57: Software
B58: No | C58: No | D58: EcoStruxure Secure Connect Advisor | F58: Digital Factory | G58: Industrial Automation | H58: SW | I58: Edge control | J58: Commercialized | L58: Software
A59: Medium | B59: Yes | C59: No | D59: EcoStruxure System Advisor for Process Control | E59: Process control and safety | F59: Digital Factory | G59: Industrial Automation | H59: SW | I59: Analytics | J59: Commercialized | L59: Software
B60: No | C60: No | D60: EcoStruxure System Advisor for Process Safety | E60: Process control and safety | F60: Digital Factory | G60: Industrial Automation | H60: SW | I60: Analytics | J60: Commercialized | L60: Software
B61: No | C61: No | D61: EcoStruxure TMC Predictive Analytics | F61: Digital Factory | G61: Industrial Automation | H61: SW | I61: Edge control | J61: Commercialized | L61: Software
B62: No | C62: No | D62: EcoStruxure Traceability Advisor | E62: Industrial Automation Software | F62: Digital Factory | G62: Industrial Automation | H62: SW | I62: Analytics | J62: Commercialized | L62: Software
A63: High | B63: No | C63: No | D63: EcoStruxure Triconex | F63: Digital Factory | G63: Industrial Automation | H63: HW | I63: Edge control | J63: Commercialized | L63: Software
B64: No | C64: No | D64: EcoStruxure Virtual Engineering | E64: Process control and safety | F64: Process automation | G64: Industrial Automation | H64: SW | I64: Edge control | J64: Commercialized | K64: Programming software | L64: Software
B65: No | C65: No | D65: EcoStruxure Water Advisor | E65: Industrial Automation and Control | F65: Digital Factory | G65: Industrial Automation | H65: SW | I65: Analytics | J65: Commercialized | L65: Software
A66: High | B66: No | C66: No | D66: EcoStruxure Data Logger 4G LTE Remote Monitoring | E66: Measurement and instrumentation | F66: Digital Factory | G66: Industrial Automation | H66: HW | I66: Connected product | J66: Commercialized | AC66: Y
A67: Medium | B67: No | C67: No | D67: EcoStruxure Process Instrumentation | E67: Telemetry and remote SCADA | F67: Process automation | G67: Industrial Automation | H67: HW | I67: Connected product | J67: Commercialized | L67: EIP, Modbus Serie, Modbus TCP, Web, 3/4G | N67: Y | S67: Y | T67: y | Z67: Y | AC67: Y
B68: No | C68: No | D68: Enhanced Diagnostic Expert | F68: Digital Factory | G68: Industrial Automation | H68: SW | I68: Edge control | J68: Commercialized
A69: Medium | B69: Yes | C69: No | D69: FactoryCast Gateway | E69: Industrial Communications Devices | F69: Process automation | G69: Industrial Automation | H69: HW | I69: Edge control | J69: Commercialized | L69: Modbus Serie, Modbus TCP | S69: Y | T69: Y
B70: No | C70: Yes | D70: FactoryCast HMI | E70: Industrial Communications Devices | F70: Process automation | G70: Industrial Automation | H70: SW | I70: Edge control | J70: Commercialized
A71: Low | B71: No | C71: No | D71: Foxboro Flow Meters | E71: Measurement and instrumentation | F71: Process automation | G71: Industrial Automation | H71: HW | I71: Connected product | J71: Commercialized | S71: Y | T71: Y
A72: Low | B72: No | C72: No | D72: foxboro Pressure Transmitters | E72: Measurement and instrumentation | F72: Process automation | G72: Industrial Automation | H72: HW | I72: Connected product | J72: Commercialized | S72: Y | T72: Y
A73: Medium | B73: No | C73: No | D73: Foxboro SCADA RTU | E73: Telemetry and remote SCADA | F73: Process automation | G73: Industrial Automation | H73: HW | I73: Edge control | J73: Commercialized | L73: Ethernet
A74: Medium | B74: No | C74: No | D74: Harmony BX1 | E74: HMI (Terminals and Industrial PC) | F74: Process automation | G74: Industrial Automation | H74: HW | I74: Edge control | J74: Commercialized | S74: Y | T74: Y
A75: Medium | B75: No | C75: No | D75: Harmony FP6 | E75: HMI (Terminals and Industrial PC) | F75: Process automation | G75: Industrial Automation | H75: HW | I75: Edge control | J75: Commercialized | L75: No information | S75: Y? | T75: Y?
A76: Medium | B76: No | C76: No | D76: Harmony GK | E76: HMI (Terminals and Industrial PC) | F76: Process automation | G76: Industrial Automation | H76: HW | I76: Edge control | J76: Commercialized | S76: Y | T76: Y
A77: Medium | B77: No | C77: No | D77: Harmony GTO | E77: HMI (Terminals and Industrial PC) | F77: Process automation | G77: Industrial Automation | H77: HW | I77: Edge control | J77: Commercialized | S77: Y | T77: Y
A78: Medium | B78: Yes | C78: Yes | D78: Harmony GTU , Magelis GTU | E78: HMI (Terminals and Industrial PC) | F78: Process automation | G78: Industrial Automation | H78: HW | I78: Edge control | J78: Commercialized | S78: Y | T78: Y
A79: Medium | B79: No | C79: No | D79: Harmony GTUX | E79: HMI (Terminals and Industrial PC) | F79: Process automation | G79: Industrial Automation | H79: HW | I79: Edge control | J79: Commercialized | S79: Y | T79: Y
B80: No | C80: Yes | D80: Harmony Hub | E80: Pushbuttons, Switches, Pilot Lights, Control Stations and Joysticks | F80: Digital Factory | G80: Industrial Automation | H80: HW | I80: Edge control | J80: Commercialized | S80: Y? | T80: Y | AG80: Y
A81: Medium | B81: Yes | C81: No | D81: Harmony iPC | E81: HMI (Terminals and Industrial PC) | F81: Process automation | G81: Industrial Automation | H81: HW | I81: Edge control | J81: Commercialized | K81: Not sure on protocol | S81: Y | T81: Y
A82: Medium | B82: No | C82: No | D82: Harmony P6 | E82: HMI (Terminals and Industrial PC) | F82: Process automation | G82: Industrial Automation | H82: HW | I82: Edge control | J82: Commercialized | K82: Not sure on protocol | S82: Y | T82: Y
A83: Medium | B83: Yes | C83: No | D83: Harmony SCU | E83: HMI (Terminals and Industrial PC) | F83: Process automation | G83: Industrial Automation | H83: HW | I83: Edge control | J83: Commercialized | S83: Y | T83: Y
A84: Medium | B84: Yes | C84: No | D84: Harmony ST6 | E84: HMI (Terminals and Industrial PC) | F84: Process automation | G84: Industrial Automation | H84: HW | I84: Edge control | J84: Commercialized | S84: Y | T84: Y
A85: Medium | B85: Yes | C85: No | D85: Harmony STO & STU | E85: HMI (Terminals and Industrial PC) | F85: Process automation | G85: Industrial Automation | H85: HW | I85: Edge control | J85: Commercialized | N85: Y? | S85: Y | T85: Y
B86: No | C86: No | D86: Lexium 28 | E86: Motion Control and Robotics | F86: Industrial control and drives | G86: Industrial Automation | H86: HW | I86: Edge control | J86: Commercialized | N86: Y | S86: Y | T86: Y
B87: No | C87: No | D87: Lexium 32 | E87: Motion Control and Robotics | F87: Industrial control and drives | G87: Industrial Automation | H87: HW | I87: Edge control | J87: Commercialized | N87: Y | S87: Y | T87: Y
A88: Low | B88: No | C88: No | D88: Lexium Cobot | E88: Motion Control and Robotics | F88: Industrial control and drives | G88: Industrial Automation | H88: HW | I88: Connected product | J88: Commercialized | N88: Y? | S88: Y? | T88: Y?
A89: Medium | B89: Yes | C89: Yes | D89: Magelis XBT GT ,GC | E89: Human Machine Interfaces (HMI) | F89: Process automation | G89: Industrial Automation | H89: HW | I89: Edge control | J89: Commercialized | S89: Y | T89: Y
B90: No | C90: Yes | D90: Model 6 iMCC | E90: Motor Control Centers | F90: Process automation | G90: Industrial Automation | H90: HW | I90: Edge control | J90: Commercialized | S90: Y | T90: Y
A91: High | B91: No | C91: No | D91: Modicon ATV dPAC | E91: Variable speed drives | F91: Process automation | G91: Industrial Automation | H91: HW | I91: Edge control | J91: Commercialized | N91: Y | S91: Y | T91: Y
A92: High | B92: No | C92: No | D92: Modicon ETB | E92: PLC,PAC and Controllers | F92: Digital Factory | G92: Industrial Automation | H92: HW | I92: Connected product | J92: Commercialized | N92: Y | T92: Y
A93: Medium | B93: No | C93: Yes | D93: Modicon FactoryCast Gateway | E93: Industrial Communications Devices | F93: Digital Factory | G93: Industrial Automation | H93: HW | I93: Connected product | J93: Commercialized
A94: Medium | B94: No | C94: Yes | D94: Modicon FactoryCast Web Server | E94: Industrial Communications Devices | F94: Digital Factory | G94: Industrial Automation | H94: HW | I94: Connected product | J94: Commercialized | T94: Y | V94: Y | Z94: Y
A95: High | B95: No | C95: No | D95: Modicon M100 | E95: PLC,PAC and Controllers | F95: Digital Factory | G95: Industrial Automation | H95: HW | I95: Edge control | J95: Commercialized | S95: Y | T95: Y
A96: High | B96: Yes | C96: No | D96: Modicon M168 | E96: PLC,PAC and Controllers | F96: Digital Factory | G96: Industrial Automation | H96: HW | I96: Edge control | J96: Commercialized | S96: Y | T96: Y | Z96: Y
A97: High | B97: No | C97: No | D97: Modicon M171 | E97: PLC,PAC and Controllers | F97: Digital Factory | G97: Industrial Automation | H97: HW | I97: Edge control | J97: Commercialized | S97: Y | T97: Y
A98: High | B98: No | C98: Yes | D98: Modicon M172 | E98: PLC,PAC and Controllers | F98: Digital Factory | G98: Industrial Automation | H98: HW | I98: Edge control | J98: Commercialized | S98: Y | T98: Y
A99: High | B99: No | C99: No | D99: Modicon M173 | E99: PLC,PAC and Controllers | F99: Digital Factory | G99: Industrial Automation | H99: HW | I99: Edge control | J99: Commercialized | S99: Y | T99: Y
A100: High | B100: Yes | C100: No | D100: Modicon M200 | E100: PLC,PAC and Controllers | F100: Digital Factory | G100: Industrial Automation | H100: HW | I100: Edge control | J100: Commercialized | S100: Y | T100: Y
...

Sheet Digital Power
B1: =COUNTIF(Table32[Seen on BS],"Yes") -> 27 | C1: =COUNTIF(Table32[Fingerprints available],"Yes") -> 21 | D1: =COUNTA(Table32[Product range]) -> 170 | E1: =SUBTOTAL(3,D3:D172) -> 170
A2: Priority | B2: Seen on BS | C2: Fingerprints available | D2: Product range | E2: Family | F2: LOB | G2: BU | H2: Type | I2: EcoStruxure Level | J2: State | K2: Notes | L2: Protocols | M2: BacNet | N2: EIP | O2: FTP | P2: HTTP/HTTPS | Q2: KNX | R2: mDNS | S2: Modbus Series | T2: ModbusTCP | U2: SNTP | V2: SNMP | W2: SQL Server | X2: Telnet | Y2: DNP3 | Z2: Web | AA2: SMTP | AB2: SFTP | AC2: 3,4G | AD2: Wifi , IPV4,6 | AE2: IEC 60870-5-103/104/101 | AF2: IEC 61850 | AG2: Zigbee | AH2: Bluetooth | AI2: Available at GSL B'lore
B3: No | C3: No | D3: A9MEM2050, A9MEM2055, A9MEM2435, A9MEM2455 (Brand Label) | E3: Basic Metering | F3: Digital Power | G3: Energy Management | H3: HW | I3: Connected Product | J3: Commercialized | K3: Add from Product Portfolio RA
B4: No | C4: No | D4: Advanced Metering Platform | E4: Advanced Metering | F4: Digital Power | G4: Energy Management | H4: HW | I4: Connected Product | J4: Commercialized
B5: No | C5: No | D5: BCPME | E5: Advanced Metering | F5: Digital Power | G5: Energy Management | H5: HW | I5: Connected Product | J5: Commercialized
B6: No | C6: No | D6: C264 | E6: Power Management System | F6: Digital Power | G6: Energy Management | H6: HW | I6: Connected Product | J6: Commercialized | K6: Add from Product Portfolio FS
B7: No | C7: No | D7: C5 | E7: Power Management System | F7: Digital Power | G7: Energy Management | H7: HW | I7: Connected Product | J7: Commercialized | K7: Add from Product Portfolio FS
B8: No | C8: No | D8: CAE | E8: Power Management System | F8: Digital Power | G8: Energy Management | H8: SW | I8: Edge control | J8: Commercialized | K8: Add from Product Portfolio FS
B9: No | C9: No | D9: CAP | E9: Power Mgt Systems | F9: Digital Power | G9: Energy Management | H9: SW | I9: Edge control | J9: Commercialized | K9: Add from Product Portfolio DP LoB (Laura)
B10: No | C10: No | D10: Conductor MDM | E10: Medium Voltage Distribution and Grid Automation | H10: SW | I10: Edge control , Analytics | J10: Commercialized | L10: Software
B11: No | C11: No | D11: Curling Head Unit (system) | E11: Power Management System | F11: Digital Power | G11: Energy Management | H11: SW | I11: Edge control | K11: Add from Product Portfolio FS
B12: No | C12: No | D12: Curling Head Unit configurator | E12: Power Management System | F12: Digital Power | G12: Energy Management | H12: SW | I12: Edge control | K12: Add from Product Portfolio FS
B13: No | C13: No | D13: Curling Head Unit Hypervisor | E13: Power Management System | F13: Digital Power | G13: Energy Management | H13: SW | I13: Edge control | K13: Add from Product Portfolio FS
B14: No | C14: No | D14: Curling Head Unit Virtualized P7 | E14: Power Management System | F14: Digital Power | G14: Energy Management | H14: SW | I14: Edge control | K14: Add from Product Portfolio FS
B15: No | C15: No | D15: DIN RS485 600V ( Serial) | E15: Basic Metering | F15: Digital Power | G15: Energy Management | H15: HW | I15: Connected Product | J15: Commercialized | K15: Add from Product Portfolio RA
B16: No | C16: No | D16: DINEthernet SE EM3570,EM3570A,EM3570X,EM3570AX | E16: Basic Metering | F16: Digital Power | G16: Energy Management | H16: HW | I16: Connected Product | J16: Commercialized | K16: Add from Product Portfolio RA
B17: No | C17: No | D17: DINethernet Varis E71E3 ,E71E3A,E71E3X E71E3AX | E17: Basic Metering | F17: Digital Power | G17: Energy Management | H17: HW | I17: Connected Product | J17: Commercialized | K17: Add from Product Portfolio RA
B18: No | C18: No | D18: DVR (Brand Label) | E18: Power Quality and Power Factor Correction | F18: Digital Power | G18: Energy Management | H18: HW | I18: Connected Product | J18: End of commercialisation | K18: Add from Product Portfolio DP LoB (Laura)
B19: No | C19: No | D19: Easergy Builder | E19: Protection and Control | F19: Digital Power | G19: Energy Management | H19: SW | I19: Edge control | J19: Commercialized | K19: Add from Product Portfolio DP LoB (Laura) | L19: HTTPS | P19: Y
B20: No | C20: Yes | D20: Easergy Flair | E20: Medium Voltage Distribution and Grid Automation | F20: Digital Power | G20: Energy Management | H20: HW | I20: Connected product | J20: Commercialized | L20: Modbus Serie | S20: Y
B21: No | C21: No | D21: Easergy Flair 200 | E21: Medium Voltage Distribution and Grid Automation | F21: Digital Power | G21: Energy Management | H21: HW | I21: Connected product | J21: Commercialized | L21: Modbus Serie, Modbus TCP, DNP3, SMTP, 3,4G | S21: Y | T21: Y | Y21: Y | AA21: Y | AC21: Y
B22: No | C22: No | D22: Easergy Flite 116 | E22: Medium Voltage Distribution and Grid Automation | F22: Digital Power | G22: Energy Management | H22: HW | I22: Connected product | J22: Commercialized | L22: Modbus Serie, Modbus TCP, DNP3 | S22: Y | T22: Y | Y22: Y
B23: No | C23: No | D23: Easergy G200 | E23: Medium Voltage Distribution and Grid Automation | F23: Digital Power | G23: Energy Management | H23: HW | I23: Connected product | J23: Commercialized | L23: Modbus Serie, DNP3 | S23: Y | Y23: Y
B24: No | C24: No | D24: Easergy MiCOM C434 | E24: Protection relays | F24: Digital Power | G24: Energy Management | H24: HW | I24: Connected product | J24: End of commercialisation | L24: IEC 60870-5-104, IEC 61850, SNTP, SSH, PTP, SNMP, Modbus Serie | S24: Y | U24: Y | V24: Y | X24: SSH | AE24: Y | AF24: Y
B25: No | C25: No | D25: Easergy MiCOM Px10 | E25: Protection relays | F25: Digital Power | G25: Energy Management | H25: HW | I25: Connected product | J25: End of commercialisation | K25: Non-routable product | L25: Modbus RTU,IEC 60870-5-103, DNP | S25: Y | AE25: Y
B26: No | C26: No | D26: Easergy MiCOM Px20 | E26: Protection relays | F26: Digital Power | G26: Energy Management | H26: HW | I26: Connected product | J26: End of commercialisation | K26: Non-routable product | L26: Modbus RTU,IEC 60870-5-103, DNP | S26: Y | AE26: Y
B27: No | C27: No | D27: Easergy MiCOM Px30 | E27: Protection relays | F27: Digital Power | G27: Energy Management | H27: HW | I27: Connected product | J27: Commercialized | L27: IEC 60870-5-104, IEC 61850, SNTP, SSH, PTP, SNMP, Modbus Serie | S27: Y | X27: SSH | AE27: Y | AF27: Y
B28: No | C28: No | D28: Easergy MiCOM Px40 | E28: Protection relays | F28: Digital Power | G28: Energy Management | H28: HW | I28: Connected product | J28: Commercialized | L28: Modbus TCP, Modbus Serie,IEC 60870-5-103, DNP3, IEC 61850, SNTP | S28: Y | T28: Y | U28: Y | Y28: Y | AE28: Y | AF28: Y
B29: No | C29: No | D29: Easergy P1 | E29: Medium Voltage Distribution and Grid Automation | F29: Digital Power | G29: Energy Management | H29: HW | I29: Connected product | J29: To be Discontinued | K29: Non-routable product | L29: Modbus Serie, IEC 103 | S29: Y | AE29: IEC 103
B30: Yes | C30: No | D30: Easergy P3 | E30: Medium Voltage Distribution and Grid Automation | F30: Digital Power | G30: Energy Management | H30: HW | I30: Connected product | J30: To be Discontinued | L30: EIP, Modbus Serie, Modbus TCP, EIP, SNTP, FTP, HTTP, Telnet, DNP3, IEC60870-5-103&101, IEC61850 | N30: Y | O30: Y | P30: Y | S30: Y | T30: Y | U30: Y | X30: Y | Y30: Y | AE30: Y | AF30: Y
B31: No | C31: Yes | D31: Easergy P5 | E31: Medium Voltage Distribution and Grid Automation | F31: Digital Power | G31: Energy Management | H31: HW | I31: Connected product | J31: To be Discontinued | L31: EIP, Modbus Serie, Modbus TCP, SNTP, PTP, DNP3, IEC60870-5-103&101, IEC61850, SSH, SFTP, HTTPS | N31: Y | P31: Y | S31: Y | T31: Y | U31: Y | X31: SSH | Y31: Y | AE31: Y | AF31: Y
B32: No | C32: No | D32: Easergy P7 | E32: Medium Voltage Distribution and Grid Automation | F32: Digital Power | G32: Energy Management | H32: HW | I32: Connected product | J32: To be Discontinued | L32: Modbus Serie, Modbus TCP, SNTP, HTTPS, SFTP, SNMP, DNP3, IEC60870-5-103, IEC61850, IEC61869-9, PTP | P32: Y | S32: Y | T32: Y | U32: Y | V32: Y | Y32: Y | AB32: Y | AE32: Y | AF32: Y
B33: No | C33: No | D33: Easergy Pro | E33: Power Mgt Systems | F33: Digital Power | G33: Energy Management | H33: SW | I33: Edge control | J33: Commercialized | K33: Add from Product Portfolio DP LoB (Laura)
B34: No | C34: No | D34: Easergy PS 100 | E34: Medium Voltage Distribution and Grid Automation | F34: Digital Power | G34: Energy Management | H34: HW | I34: Connected product | J34: Commercialized | L34: Modbus Serie | S34: Y
B35: No | C35: No | D35: Easergy Studio | E35: Power Mgt Systems | F35: Digital Power | G35: Energy Management | H35: SW | I35: Connected product | J35: Commercialized | K35: Add from Product Portfolio DP LoB (Laura)
B36: Yes | C36: No | D36: Easergy T200,T200I | E36: Medium Voltage Distribution and Grid Automation | F36: Digital Power | G36: Energy Management | H36: HW | I36: Connected product | J36: Commercialized | L36: Modbus Serie , Modbus TCP, http | S36: Y | T36: Y | Y36: Y | AC36: Y
B37: No | C37: No | D37: EasyLogic AccuSine PCSU | E37: Power Quality and Power Factor Correction | F37: Digital Power | G37: Energy Management | H37: HW | I37: Connected product | J37: Commercialized | K37: Non-routable product | L37: Modbus Serie | S37: Y
B38: No | C38: No | D38: EasyLogic DM2000 | E38: Low voltage power distribution products and equipment | F38: Digital Power | G38: Energy Management | H38: HW | I38: Connected product | J38: End of commercialisation | L38: Modbus Serie, Modbus TCP? | S38: Y | T38: Y ?
B39: No | C39: No | D39: EasyLogic PM1100 | E39: Power Monitoring and Energy Monitoring Systems | F39: Digital Power | G39: Energy Management | H39: HW | I39: Connected product | J39: Commercialized | K39: Non-routable product | L39: Modbus Serie | S39: Y
B40: Yes | C40: No | D40: EasyLogic PM2000 | E40: Power Metering and Energy Monitoring Systems | F40: Digital Power | G40: Energy Management | H40: HW | I40: Connected product | J40: Commercialized | K40: Non-routable product | L40: Modbus Serie | S40: Y
B41: No | C41: No | D41: EcoStrucxure Power Operation (EPO) | E41: Power Mgt Systems | F41: Digital Power | G41: Energy Management | H41: SW | I41: Edge control | J41: Commercialized | K41: Add from Product Portfolio DP LoB (Laura) Power SCADA Expert (PSE), PowerSCADA Operation (PSO), Powerlogic SCADA (PLS)
B42: No | C42: No | D42: EcoStruxure Energy Profiler Online | E42: Medium Voltage Distribution and Grid Automation | H42: SW | I42: Edge control | J42: Commercialized | K42: I think think is Buildings based on https://schneiderelectric.sharepoint.com/sites/BuildingSegmentsSolutionArchitectureGroup/_layouts/15/viewer.aspx?sourcedoc={32a0a312-27b4-4287-ac3a-2be6ff6468ad} | L42: Software
B43: No | C43: No | D43: EcoStruxure Power Build Rapsody | E43: Low voltage products and systems | F43: Digital Power | G43: Energy Management | H43: SW | I43: Edge control | J43: Commercialized | L43: Software
B44: No | C44: Yes | D44: EcoStruxure Power Operation | E44: Power Metering and Energy Monitoring Systems | F44: Digital Power | G44: Energy Management | H44: SW | I44: Edge control | J44: Commercialized | L44: Software
B45: No | C45: Yes | D45: EcoStruxure Site Server | E45: Low voltage products and systems | F45: Digital Power | G45: Energy Management | H45: HW | I45: Edge control | J45: Commercialized | L45: EIP?, Modbus Serie, Modbus TCP, Web?, 3,4G, HTTP | N45: Y? | S45: Y | T45: Y | Z45: Y? | AC45: Y
B46: No | C46: Yes | D46: EcoStruxure XR Operator Advisor | E46: Low voltage products and systems | F46: Digital Power | G46: Energy Management | H46: SW | I46: Analytics | J46: Commercialized | L46: Software
B47: No | C47: No | D47: EcoStruxureFDM128 | E47: Low voltage products and systems | H47: HW | I47: Connected product | J47: Commercialized | L47: EIP?, Modbus Serie, Modbus TCP | N47: Y ? | S47: Y | T47: Y
B48: No | C48: Yes | D48: EcoStruxurePower Automation System | E48: Medium Voltage Distribution and Grid Automation | F48: Digital Power | G48: Energy Management | H48: SW | I48: Edge control | J48: Commercialized | L48: Software
B49: No | C49: No | D49: EcoStruxurePower Management Software | E49: Power Management Software | F49: Digital Power | G49: Energy Management | H49: SW | I49: Connected product | J49: Commercialized | L49: Software
B50: No | C50: Yes | D50: EcoStruxurePower Monitoring Expert (PME) | E50: Power Monitoring and Energy Monitoring Systems | F50: Digital Power | G50: Energy Management | H50: SW | I50: Edge control | J50: Commercialized | L50: Software
B51: No | C51: No | D51: EcoStruxurePower SCADA Expert | E51: Power Metering and Energy Monitoring Systems | F51: Digital Power | G51: Energy Management | H51: SW | I51: Connected product | J51: Commercialized | K51: Combine with line above EPO | L51: Software
B52: No | C52: No | D52: EcoStruxureSite Server | E52: Low voltage products and systems | F52: Digital Power | G52: Energy Management | H52: HW | I52: Connected product | J52: Commercialized | L52: Modbus RTU, Modbus TCP and 4G | S52: Y | T52: Y | AC52: Y
B53: Yes | C53: No | D53: EM6438 | F53: Digital Power | G53: Energy Management | K53: Is this india offer only? Part of EM6400NG ranage https://www.se.com/in/en/product-range/63369-em6400ng+/?parent-subcategory-id=82264&filter=business-4-low-voltage-products-and-systems#products
B54: No | C54: No | D54: EMS Controller | E54: Power Management System | F54: Digital Power | G54: Energy Management | H54: HW | I54: Connected Product | K54: Add from Product Portfolio FS
B55: No | C55: No | D55: EMS Interface HMI | E55: Power Management System | F55: Digital Power | G55: Energy Management | H55: SW | I55: Edge control | K55: Add from Product Portfolio FS
B56: No | C56: No | D56: EMS Studio (configurator) | E56: Power Management System | F56: Digital Power | G56: Energy Management | H56: SW | I56: Edge control | K56: Add from Product Portfolio FS
B57: No | C57: No | D57: EMS System ( Controller, interface ) | E57: Power Management System | F57: Digital Power | G57: Energy Management | H57: SW | I57: Edge control | K57: Add from Product Portfolio FS
B58: No | C58: No | D58: Energy meters (Square D) | E58: Power Metering and Energy Monitoring Systems | F58: Digital Power | G58: Energy Management | H58: HW | I58: Connected product | J58: End of commercialisation | L58: Modbus Serie | S58: Y
B59: Yes | C59: Yes | D59: Enerlin'X Com'X 200,210,510 | E59: Power Metering and Energy Monitoring Systems | F59: Digital Power | G59: Energy Management | H59: HW | I59: Edge control | J59: To be Discontinued | L59: FTP, KNX, Modbus Serie, Modbus TCP, Web, Wifi IPV4,6, Zigbee | O59: Y | P59: Y | S59: Y | T59: Y | Z59: Y | AD59: Y
B60: No | C60: Yes | D60: Enerlin'X iRIO | E60: Power Metering and Energy Monitoring Systems | H60: HW | I60: Edge control | J60: End of commercialisation | L60: FTP, mDNS, Modbus Serie, Modbus TCP, Zigbee | O60: Y | R60: Y | S60: Y | T60: Y | AG60: Y
B61: No | C61: No | D61: EPAS Gateway Linux | E61: Power Management System | F61: Digital Power | G61: Energy Management | H61: HW | I61: Connected Product | K61: Add from Product Portfolio FS
B62: No | C62: No | D62: EPAS Gateway addons" (EMO,GMS..) | E62: Power Management System | F62: Digital Power | G62: Energy Management | H62: HW | I62: Connected Product | K62: Add from Product Portfolio FS
B63: No | C63: No | D63: EPAS Gateway Windows | E63: Power Management System | F63: Digital Power | G63: Energy Management | H63: HW | I63: Connected Product | K63: Add from Product Portfolio FS
B64: No | C64: No | D64: EPAS System | E64: Power Management System | F64: Digital Power | G64: Energy Management | H64: SW | I64: Edge control | K64: Add from Product Portfolio FS
B65: No | C65: No | D65: EPAS-E | E65: Power Mgt Systems | F65: Digital Power | G65: Energy Management | H65: SW | I65: Edge control | J65: Commercialized | K65: Add from Product Portfolio DP LoB (Laura)
B66: No | C66: No | D66: EPASUI EcoSUI | E66: Power Management System | F66: Digital Power | G66: Energy Management | H66: SW | I66: Edge control | K66: Add from Product Portfolio FS
B67: No | C67: No | D67: EPASUI WebHMI | E67: Power Management System | F67: Digital Power | G67: Energy Management | H67: SW | I67: Edge control | K67: Add from Product Portfolio FS
B68: No | C68: No | D68: ESM | E68: Power Mgt Systems | F68: Digital Power | G68: Energy Management | H68: SW | I68: Edge control | J68: Commercialized | K68: Add from Product Portfolio DP LoB (Laura)
B69: Yes | C69: No | D69: EV Charging Management Systems
B70: No | C70: No | D70: HDPM | E70: Advanced Metering | F70: Digital Power | G70: Energy Management | H70: HW | I70: Connected Product | J70: Commercialized
B71: No | C71: No | D71: HMI Studio (configurator of EPASUI WebHMI) | E71: Power Management System | F71: Digital Power | G71: Energy Management | H71: SW | I71: Edge control | K71: Add from Product Portfolio FS
B72: No | C72: No | D72: IFL Mobile Kit | E72: Basic Metering | F72: Digital Power | G72: Energy Management | H72: HW | I72: Connected Product | J72: Commercialized | K72: Add from Product Portfolio RA
B73: No | C73: No | D73: iFLS | E73: Power Management System | F73: Digital Power | G73: Energy Management | H73: HW | I73: Connected Product | J73: Commercialized | K73: Add from Product Portfolio FS
B74: No | C74: No | D74: IM10/20 ( Serial) | E74: Basic Metering | F74: Digital Power | G74: Energy Management | H74: HW | I74: Connected Product | J74: Commercialized | K74: Add from Product Portfolio RA
B75: No | C75: No | D75: IM400( Serial) | E75: Basic Metering | F75: Digital Power | G75: Energy Management | H75: HW | I75: Connected Product | J75: Commercialized | K75: Add from Product Portfolio RA
B76: No | C76: No | D76: ION Setup | E76: Advanced Metering | F76: Digital Power | G76: Energy Management | H76: SW | I76: Connected Product | J76: Commercialized | K76: Add from Product Portfolio DP LoB (Laura) Replaced by PLES
B77: No | C77: No | D77: KPI Monitor (companion of EPASUI WebHMI) | E77: Power Management System | F77: Digital Power | G77: Energy Management | H77: SW | I77: Edge control | K77: Add from Product Portfolio FS
B78: No | C78: No | D78: Medium Refresh ( Ethernet +Non ethernet) | E78: Basic Metering | F78: Digital Power | G78: Energy Management | H78: HW | I78: Connected Product | J78: Commercialized | K78: Add from Product Portfolio RA
B79: No | C79: No | D79: NeXT | E79: Power Mgt Systems | F79: Digital Power | G79: Energy Management | H79: SW | I79: Edge control | J79: Commercialized | K79: Add from Product Portfolio DP LoB (Laura)
B80: No | C80: No | D80: P7s | E80: Power Management System | F80: Digital Power | G80: Energy Management | H80: HW | I80: Connected Product | J80: Commercialized | K80: Add from Product Portfolio FS
B81: Yes | C81: No | D81: PM1130 | F81: Digital Power | G81: Energy Management | K81: EasyLogic PM1130H dual source meters - should be buildings?
B82: Yes | C82: No | D82: PM1200 | F82: Digital Power | G82: Energy Management | K82: Pretty sure this is easylogic range so buildings
B83: No | C83: No | D83: PM2000 | E83: Basic Metering | F83: Digital Power | G83: Energy Management | H83: HW | I83: Connected Product | J83: Commercialized | K83: Add from Product Portfolio RA
B84: No | C84: No | D84: PM53XX | E84: Basic Metering | F84: Digital Power | G84: Energy Management | H84: HW | I84: Connected Product | J84: Commercialized | K84: Add from Product Portfolio RA
B85: No | C85: No | D85: PM55XX | E85: Basic Metering | F85: Digital Power | G85: Energy Management | H85: HW | I85: Connected Product | J85: Commercialized | K85: Add from Product Portfolio RA
B86: No | C86: No | D86: PM55XX ( IPV6) Release | E86: Basic Metering | F86: Digital Power | G86: Energy Management | H86: HW | I86: Connected Product | J86: Commercialized | K86: Add from Product Portfolio RA
B87: Yes | C87: No | D87: PM700 | F87: Digital Power | G87: Energy Management | K87: PM700 and PM800 (not listed) series long since end of life - do you want them in your list?
B88: No | C88: No | D88: Power Logic Intrutive ( BB1.1) | E88: Basic Metering | F88: Digital Power | G88: Energy Management | H88: HW | I88: Connected Product | J88: Commercialized | K88: Add from Product Portfolio RA
B89: No | C89: No | D89: PowerLink MVP | E89: Low voltage products and systems | F89: Digital Power | G89: Energy Management | H89: HW | I89: Connected product | J89: Commercialized | L89: Bacnet, Modbus Serie, Modbus TCP | M89: Y | S89: Y | T89: Y
B90: No | C90: No | D90: PowerLogic Accusine EVC+ | E90: Power Quality and Power Factor Correction | F90: Digital Power | G90: Energy Management | H90: HW | I90: Connected product | J90: Commercialized | L90: Modbus Serie, Modbus TCP | S90: Y | T90: Y
B91: No | C91: No | D91: PowerLogic AccuSine PCS+ | E91: Power Quality and Power Factor Correction | F91: Digital Power | G91: Energy Management | H91: HW | I91: Connected product | J91: Commercialized | L91: Modbus Serie, Modbus TCP | S91: Y | T91: Y
B92: No | C92: No | D92: PowerLogic AccuSine PCSn | E92: Power Quality and Power Factor Correction | F92: Digital Power | G92: Energy Management | H92: HW | I92: Connected product | J92: Commercialized | L92: Modbus Serie, Modbus TCP | S92: Y | T92: Y
B93: No | C93: No | D93: PowerLogic Accusine PVF+ | E93: Energy quality | F93: Digital Power | G93: Energy Management | H93: HW | I93: Connected product | J93: Commercialized | L93: Modbus Serie, Modbus TCP | S93: Y | T93: Y
B94: Yes | C94: No | D94: PowerLogic BCPM | E94: Power Metering and Energy Monitoring Systems | F94: Digital Power | G94: Energy Management | H94: HW | I94: Connected product | J94: Commercialized | L94: EIP, Modbus Serien Modbus TCP, SNMP | M94: Y | S94: Y | T94: Y | V94: Y
B95: No | C95: No | D95: PowerLogic CM3000 | E95: Low voltage products and systems | F95: Digital Power | G95: Energy Management | H95: HW | I95: Connected product | J95: End of commercialisation | L95: Modbus Serie, Modbus TCP | S95: Y | T95: Y
B96: No | C96: No | D96: PowerLogic CM4000 , CM4000T | E96: Power Monitoring and Energy Monitoring Systems | F96: Digital Power | G96: Energy Management | H96: HW | I96: Connected product | J96: To be Discontinued | L96: HTTP/HTTPS, Modbus Serie, Modbus TCP | P96: Y | S96: Y | T96: Y | Z96: Y
B97: No | C97: No | D97: PowerLogic DM6000H | E97: Power Monitoring and Energy Monitoring Systems | F97: Digital Power | G97: Energy Management | H97: HW | I97: Connected product | J97: Commercialized | L97: Modbus Serie | S97: Y
B98: No | C98: Yes | D98: PowerLogic DM6200 | E98: Power Monitoring and Energy Monitoring Systems | F98: Digital Power | G98: Energy Management | H98: HW | I98: Connected product | J98: End of commercialisation | L98: Modbus Serie | S98: Y
B99: No | C99: No | D99: PowerLogic E5600 | E99: Power Monitoring and Energy Monitoring Systems | F99: Digital Power | G99: Energy Management | H99: HW | I99: Connected product | J99: Commercialized | L99: Modbus Serie | S99: Y
B100: Yes | C100: Yes | D100: PowerLogic EGX100 | E100: Low voltage products and systems | F100: Digital Power | G100: Energy Management | H100: HW | I100: Connected product | J100: End of commercialisation | L100: FTP, KNX, Modbus Serie, Modbus TCP, SNMP, HTTP | O100: Y | P100: Y | S100: Y | T100: Y | V100: Y
...

Sheet MicroGrid
B1: =COUNTIF(Table327[Seen on BS],"Yes") -> 0 | C1: =COUNTIF(Table327[Fingerprints available],"Yes") -> 0 | D1: =COUNTA(Table327[Product range]) -> 15 | E1: =SUBTOTAL(3,D3:D17) -> 15
A2: Priority | B2: Seen on BS | C2: Fingerprints available | D2: Product range | E2: Family | F2: LOB | G2: BU | H2: Type | I2: EcoStruxure Level | J2: State | K2: Notes | L2: Protocols | M2: BacNet | N2: EIP | O2: FTP | P2: HTTP/HTTPS | Q2: KNX | R2: mDNS | S2: Modbus Series | T2: ModbusTCP | U2: SNTP | V2: SNMP | W2: SQL Server | X2: Telnet | Y2: DNP3 | Z2: Web | AA2: SMTP | AB2: SFTP | AC2: 3,4G | AD2: Wifi , IPV4,6 | AE2: IEC 60870-5-103/104/101 | AF2: IEC 61850 | AG2: Zigbee | AH2: Bluetooth | AI2: Available at GSL B'lore
B3: No | C3: No | D3: BESS ANSI | E3: Energy Storage | F3: Micro Grid | G3: Energy Management | H3: SW | I3: Edge control | J3: Commercialized | K3: Add from Product Portfolio MG LoB
B4: No | C4: No | D4: EcoStruxure Microgrid Advisor v4 (EMA) | E4: Software & Control | F4: Micro Grid | G4: Energy Management | H4: SW | I4: Analytics | J4: Commercialized | K4: Add from Product Portfolio MG LoB
B5: No | C5: No | D5: EcoStruxure Microgrid Advisor v5 (EMA) | E5: Software & Control | F5: Micro Grid | G5: Energy Management | H5: SW | I5: Analytics | J5: Commercialized | K5: Add from Product Portfolio MG LoB
B6: No | C6: No | D6: EcoStruxure Microgrid Build (EMB) | E6: Software & Control | F6: Micro Grid | G6: Energy Management | H6: SW | I6: Edge control | J6: Commercialized | K6: Add from Product Portfolio MG LoB
B7: No | C7: No | D7: EcoStruxure Microgrid Controller | E7: Software & Control | F7: Micro Grid | G7: Energy Management | H7: SW | I7: Edge control | J7: Commercialized | K7: Add from Product Portfolio MG LoB
B8: No | C8: No | D8: EcoStruxure Microgrid Maintaince (EMM) | E8: Software & Control | F8: Micro Grid | G8: Energy Management | H8: SW | I8: Edge control | J8: Commercialized | K8: Add from Product Portfolio MG LoB
B9: No | C9: No | D9: EcoStruxure Microgrid Operation (EMO-M) | E9: Software & Control | F9: Micro Grid | G9: Energy Management | H9: SW | I9: Edge control | J9: Commercialized | K9: Add from Product Portfolio MG LoB
B10: No | C10: No | D10: EMO-L | E10: Software & Control | F10: Micro Grid | G10: Energy Management | H10: SW | I10: Edge control | J10: Commercialized | K10: Add from Product Portfolio MG LoB
B11: No | C11: No | D11: FLEX ANSI | E11: System | F11: Micro Grid | G11: Energy Management | H11: SW | I11: Edge control | J11: Commercialized | K11: Add from Product Portfolio MG LoB
B12: No | C12: No | D12: FLEX IEC | E12: System | F12: Micro Grid | G12: Energy Management | H12: SW | I12: Edge control | J12: Commercialized | K12: Add from Product Portfolio MG LoB
B13: No | C13: No | D13: IEC PCU(Discontinue before 2027) | E13: Energy Storage | F13: Micro Grid | G13: Energy Management | H13: SW | I13: Edge control | J13: Commercialized | K13: Add from Product Portfolio MG LoB
B14: No | C14: No | D14: Microgrid Assessment Cloud (MGA-C) | E14: Software & Control | F14: Micro Grid | G14: Energy Management | H14: SW | I14: Edge control | J14: Commercialized | K14: Add from Product Portfolio MG LoB
... B17: No | C17: No | D17: Villaya Flex | E17: System | F17: Micro Grid | G17: Energy Management | H17: SW | I17: Edge control | J17: End of commercialisation | K17: Add from Product Portfolio MG LoB
E24: In "Product range" column different color means:
E26: Offer exists in both "IB Program - Offers List.xlsx" and "Product Portfolio.xlsx"
E28: Offer added to "IB Program - Offers List.xlsx" from "Product Portfolio.xlsx"
E30: Others are offers exist in "IB Program - Offers List.xlsx" but not exist in "Product Portfolio.xlsx"
B38: Yes | C38: No | D38: PM8000 | F38: Digital Power | G38: Energy Management | K38: duplicate
B39: Yes | C39: No | D39: Advanced Metering | F39: Digital Power | G39: Energy Management

Sheet EcoStruxure Power
B1: =COUNTIF(Table3279[Seen on BS],"Yes") -> 1 | C1: =COUNTIF(Table3279[Fingerprints available],"Yes") -> 1 | D1: =COUNTA(Table3279[Product range]) -> 32 | E1: =SUBTOTAL(3,D3:D34) -> 32
A2: Priority | B2: Seen on BS | C2: Fingerprints available | D2: Product range | E2: Family | F2: LOB | G2: BU | H2: Type | I2: EcoStruxure Level | J2: State | K2: Notes | L2: Protocols | M2: BacNet | N2: EIP | O2: FTP | P2: HTTP/HTTPS | Q2: KNX | R2: mDNS | S2: Modbus Series | T2: ModbusTCP | U2: SNTP | V2: SNMP | W2: SQL Server | X2: Telnet | Y2: DNP3 | Z2: Web | AA2: SMTP | AB2: SFTP | AC2: 3,4G | AD2: Wifi , IPV4,6 | AE2: IEC 60870-5-103/104/101 | AF2: IEC 61850 | AG2: Zigbee | AH2: Bluetooth | AI2: Available at GSL B'lore
B3: No | C3: No | D3: Aurtra | E3: Advisors & Apps | F3: EcoStruxure Power | G3: Energy Management | H3: SW | I3: Edge control | K3: Add from Product Portfolio ESXP LoB
B4: No | C4: No | D4: Classic EEH Web Team | E4: Advisors & Apps | F4: EcoStruxure Power | G4: Energy Management | H4: SW | I4: Edge control | K4: Add from Product Portfolio ESXP LoB
B5: No | C5: No | D5: Cloud Commissioning | E5: Advisors & Apps | F5: EcoStruxure Power | G5: Energy Management | H5: SW | I5: Edge control | K5: Add from Product Portfolio ESXP LoB
B6: No | C6: No | D6: Com'x(No regulatory work) | E6: Panel Server | F6: EcoStruxure Power | G6: Energy Management | H6: HW | I6: Connected Product | J6: End of commercialisation | K6: Add from Product Portfolio ESXP LoB
B7: No | C7: No | D7: Connectivity as a Service | E7: Panel Server | F7: EcoStruxure Power | G7: Energy Management | H7: SW | I7: Edge control | K7: Add from Product Portfolio ESXP LoB
B8: No | C8: No | D8: Data as a Service | E8: Advisors & Apps | F8: EcoStruxure Power | G8: Energy Management | H8: SW | I8: Edge control | K8: Add from Product Portfolio ESXP LoB
B9: No | C9: No | D9: DSA (Digital Service Admin) - Transfer from SD | E9: Advisors & Apps | F9: EcoStruxure Power | G9: Energy Management | H9: SW | I9: Edge control | K9: Add from Product Portfolio ESXP LoB
B10: No | C10: Yes | D10: EcoStruxure Asset & Power Advisor | E10: Critical Power Cooling and Racks | F10: EcoStruxure Power | G10: Energy Management | H10: SW | I10: Analytics | J10: Commercialized | K10: Should be just Asset advisor (power advisor already listed) | L10: Software
B11: No | C11: No | D11: EcoStruxure Power Commission | E11: Low voltage products and systems | F11: EcoStruxure Power | G11: Energy Management | H11: SW | I11: Edge control | J11: Commercialized | L11: Software
B12: No | C12: No | D12: EcoStruxure Power Commission Mobile | E12: Comm & Device Integration | F12: EcoStruxure Power | G12: Energy Management | H12: SW | I12: Edge control | K12: Add from Product Portfolio ESXP LoB
B13: No | C13: No | D13: EcoStruxure Transformer Expert | E13: Medium Voltage Distribution and Grid Automation | F13: EcoStruxure Power | G13: Energy Management | H13: SW | I13: Edge control | J13: Commercialized | L13: Software
B14: No | C14: No | D14: EcoStruxureEnergy Hub | E14: Power metering and energy monitoring systems | F14: EcoStruxure Power | G14: Energy Management | H14: SW | I14: Edge control | J14: Commercialized | K14: Also in the Family: Low voltage products and systems | L14: Software
B15: No | C15: No | D15: EcoStruxureFacility Expert | E15: Power Metering and Energy Monitoring Systems | F15: EcoStruxure Power | G15: Energy Management | H15: SW | I15: Edge control | J15: Commercialized | L15: Software
B16: Yes | C16: No | D16: EcoStruxurePanel Server (PAS) | E16: Power Monitoring and Energy Monitoring Systems | F16: EcoStruxure Power | G16: Energy Management | H16: HW | I16: Edge Control | J16: Commercialized | K16: Model ; 400, 500, 600(-,L,P), 700, 800(-,L,P,T,LWD) | L16: Modbus TCP, HTTPS, IPV4,6, Modbus RTU, EIP, 3,4G, | N16: Y | P16: Y | S16: Y | T16: Y | Z16: Y | AC16: Y | AD16: Y
B17: No | C17: No | D17: EcoStruxurePanel Server webpages | E17: Low voltage power distribution products and equipment | F17: EcoStruxure Power | G17: Energy Management | H17: SW | I17: Edge Control | J17: Commercialized | K17: Is this just panel server? why "webpages" | L17: Software
B18: No | C18: No | D18: EcoStruxurePower Advisor | E18: Power Metering and Energy Monitoring Systems | F18: EcoStruxure Power | G18: Energy Management | H18: SW | I18: Analytics | J18: Commercialized | L18: Software
B19: No | C19: No | D19: EEH Classic(Harish) | E19: Advisors & Apps | F19: EcoStruxure Power | G19: Energy Management | H19: SW | I19: Edge control | K19: Add from Product Portfolio ESXP LoB
B20: No | C20: No | D20: EEH Team 8 (EEH -Mobile Team) | E20: Advisors & Apps | F20: EcoStruxure Power | G20: Energy Management | H20: SW | I20: Edge control | K20: Add from Product Portfolio ESXP LoB
B21: No | C21: No | D21: EPB-SC (Ecostruxure Power and Buildings Software Companion) ( Formerly Sales Portal) | E21: Advisors & Apps | F21: EcoStruxure Power | G21: Energy Management | H21: SW | I21: Edge control | K21: Add from Product Portfolio ESXP LoB
B22: No | C22: No | D22: EPC-Web | E22: Advisors & Apps | F22: EcoStruxure Power | G22: Energy Management | H22: SW | I22: Edge control | K22: Add from Product Portfolio ESXP LoB
B23: No | C23: No | D23: ESP-209 EEH to PaS (Web and Mobile) | E23: Advisors & Apps | F23: EcoStruxure Power | G23: Energy Management | H23: SW | I23: Edge control | K23: Add from Product Portfolio ESXP LoB
B24: No | C24: No | D24: ESXP Advisor convergence | E24: Advisors & Apps | F24: EcoStruxure Power | G24: Energy Management | H24: SW | I24: Edge control | K24: Add from Product Portfolio ESXP LoB
B25: No | C25: No | D25: ESXP Energy & Chemicals (Oil & Gas) | E25: System | F25: EcoStruxure Power | G25: Energy Management | H25: SW | I25: Edge control | K25: Add from Product Portfolio ESXP LoB
B26: No | C26: No | D26: Link150 | E26: Panel Server | F26: EcoStruxure Power | G26: Energy Management | H26: HW | I26: Connected Product | J26: End of commercialisation | K26: Add from Product Portfolio ESXP LoB
B27: No | C27: No | D27: Mission Critical Solution | E27: System | F27: EcoStruxure Power | G27: Energy Management | H27: SW | I27: Edge control | K27: Add from Product Portfolio ESXP LoB
B28: No | C28: No | D28: Next Gen Advisor platform (Harish) | E28: Advisors & Apps | F28: EcoStruxure Power | G28: Energy Management | H28: SW | I28: Analytics | K28: Add from Product Portfolio ESXP LoB
B29: No | C29: No | D29: PowerTag Link | E29: Panel Server | F29: EcoStruxure Power | G29: Energy Management | H29: HW | I29: Connected Product | J29: End of commercialisation | K29: Add from Product Portfolio ESXP LoB
B30: No | C30: No | D30: SE EDGE Agent (Feb 2025) | E30: Panel Server | F30: EcoStruxure Power | G30: Energy Management | H30: SW | I30: Edge control | K30: Add from Product Portfolio ESXP LoB
B31: No | C31: No | D31: Site Server (PMSL) | E31: Power Mgt Systems | F31: EcoStruxure Power | G31: Energy Management | H31: SW | K31: Add from Product Portfolio ESXP LoB
B32: No | C32: No | D32: SLMR | E32: Panel Server | F32: EcoStruxure Power | G32: Energy Management | H32: HW | I32: Connected Product | K32: Add from Product Portfolio ESXP LoB
B33: No | C33: No | D33: SmartComm | E33: Advisors & Apps | F33: EcoStruxure Power | G33: Energy Management | H33: SW | I33: Edge control | K33: Add from Product Portfolio ESXP LoB
B34: No | C34: No | D34: SmartLink SIB | E34: Panel Server | F34: EcoStruxure Power | G34: Energy Management | H34: HW | I34: Connected Product | K34: Add from Product Portfolio ESXP LoB
E41: In "Product range" column different color means:
E43: Offer exists in both "IB Program - Offers List.xlsx" and "Product Portfolio.xlsx"
E45: Offer added to "IB Program - Offers List.xlsx" from "Product Portfolio.xlsx"
E47: Others are offers exist in "IB Program - Offers List.xlsx" but not exist in "Product Portfolio.xlsx"

Sheet Power Products
C1: =COUNTIF(Table329[Seen on BS],"Yes") -> 5 | D1: =COUNTIF(Table329[Fingerprints available],"Yes") -> 2 | E1: =COUNTA(Table329[[Product range ]]) -> 22 | AM1: Product Risk Priority - PP
A2: Extra | B2: Commonality | C2: Seen on BS | D2: Fingerprints available | E2: Product range | F2: Family | G2: LOB | H2: BU | I2: Type | J2: EcoStruxure Level | K2: State | L2: Notes | M2: Protocols | N2: Serial Only | O2: BacNet | P2: EIP | Q2: FTP | R2: HTTP/ HTTPS | S2: KNX | T2: mDNS | U2: Modbus Series | V2: Modbus TCP | W2: SNTP | X2: SNMP | Y2: SQL Server | Z2: Telnet | AA2: DNP3 | AB2: Web | AC2: SMTP | AD2: SFTP | AE2: 3,4G | AF2: WiFi, IPV4, IPv6 | AG2: IEC 60870-5-103/104/101 | AH2: IEC 61850 | AI2: Zigbee | AJ2: Column1 | AM2: High | AN2: Risk to system, entry point to the system - possible to pivot / lateral movement, has connectivity, exposable
A3: Low | C3: No | D3: No | E3: BSCM+ | F3: Low Voltage Products and Systems | G3: Power Products | H3: Energy management | I3: HW | J3: Edge control | K3: Commercialized | M3: Modbus SL | N3: Y | U3: Y | AM3: Medium
A4: Low | C4: No | D4: No | E4: ComPacT INS,INV | F4: Circuit Breakers and Switches | G4: Power Products | H4: Energy management | I4: HW | J4: Connected Product | K4: Commercialized | L4: Communication by PowerTag | M4: Zigbee (Powertag) | AI4: Y | AM4: Low | AN4: Not directly exposable, mostly serial connectivity, deep in the network architecture
A5: Low | C5: Yes | D5: No | E5: CompacT NS > 630A | F5: Circuit Breakers and Switches | G5: Power Products | H5: Energy management | I5: HW | J5: Connected Product | K5: Commercialized | L5: Modbus Serie with Enerlin'X and Micrologic or maybe natively | M5: Modbus Serie | N5: Y | U5: Y
A6: Low | C6: Yes | D6: No | E6: Compact NSX | F6: Circuit Breakers and Switches | G6: Power Products | H6: Energy management | I6: HW | J6: Connected Product | K6: Commercialized | L6: Modbus Serie & Modbus TCP with Enerlin'X, Micrologic (Use ULP to connect) or maybe natively | M6: Modbus Serie when connected to Enerlin'X IFM / BSCM+ Modbus TCP when connected to Enerlin'X IFE Zigbee with PowerTag | N6: Y | U6: Y | V6: Y | AI6: Y
A7: Low | C7: No | D7: No | E7: Enerlin'X FDM121 | F7: Power Metering and Energy Monitoring Systems | G7: Power Products | H7: Energy management | I7: HW | J7: Edge control | K7: Commercialized | M7: ULP (=S= internal) | N7: Y
A8: High | B8: Yes | C8: Yes | D8: No | E8: Enerlin'X IFE | F8: Power Metering and Energy Monitoring Systems | G8: Power Products | H8: Energy management | I8: HW | J8: Edge control | K8: Commercialized | M8: FTPS, HTTP/HTTPS, Modbus Serie, Modbus TCP, SNTP, Web, IEC61850, SNMP, SMTP, NTP, RSTP, Secure ModbusTCP, DNS | Q8: Y | R8: Y | U8: Y | V8: Y | W8: Y | X8: Y | AB8: Y | AC8: Y | AH8: Y
A9: High | B9: Yes | C9: Yes | D9: No | E9: Enerlin'X EIFE | F9: Power Metering and Energy Monitoring Systems | G9: Power Products | H9: Energy management | I9: HW | J9: Edge control | K9: Commercialized | M9: FTPS, HTTP/HTTPS, Modbus Serie, Modbus TCP, SNTP, Web, IEC61850, SNMP, SMTP, NTP, RSTP, Secure ModbusTCP | Q9: Y | R9: Y | U9: Y | V9: Y | W9: Y | X9: Y | AB9: Y | AC9: Y | AH9: Y
A10: Low | C10: No | D10: No | E10: Enerlin'X IFM | F10: Power Metering and Energy Monitoring Systems | G10: Power Products | H10: Energy management | I10: HW | J10: Edge control | K10: Commercialized | M10: Modbus SL | N10: Y | U10: Y
A11: Low | C11: No | D11: No | E11: EOCR | F11: Contactors & protection relays | G11: Power Products | H11: Energy management | I11: HW | J11: Connected Product | K11: Commercialized | L11: It is a product for China | M11: Modbus Serie | N11: Y | U11: Y
A12: Low | C12: Yes | D12: No | E12: MasterPacT MTZ | F12: Circuit Breakers and Switches | G12: Power Products | H12: Energy management | I12: HW | J12: Connected Product | K12: Commercialized | L12: *Primary connectivity is through Enerlin'X IFE/EIFE Modbus Serie by gateway or maybe natively | M12: Zigbee, IEC61850, Modbus Series, ModbusTCP, CoAP, Bluetooth low energy, NFC | U12: Y | V12: Y | AH12: Y | AI12: Y
A13: Low | C13: No | D13: No | E13: MasterPacT NT | F13: Circuit Breakers and Switches | G13: Power Products | H13: Energy management | I13: HW | J13: Connected Product | K13: End of Commercialization | L13: *Primary connectivity is through Enerlin'X IFE/EIFE Modbus Serie & Modbus TCP with Enerlin'X, Micrologic (Use ULP to connect) or maybe natively | M13: Modbus Serie when connected to Enerlin'X IFM / BSCM+ Modbus TCP when connected to Enerlin'X IFE | U13: Y | V13: Y | AC13: Y
A14: Low | C14: No | D14: No | E14: MasterPacT NW | F14: Circuit Breakers and Switches | G14: Power Products | H14: Energy management | I14: HW | J14: Connected Product | K14: End of Commercialization | L14: *Primary connectivity is through Enerlin'X IFE/EIFE Modbus Serie & Modbus TCP with Enerlin'X, Micrologic (Use ULP to connect) or maybe natively | M14: Modbus Serie when connected to Enerlin'X IFM / BSCM+ Modbus TCP when connected to Enerlin'X IFE | U14: Y | V14: Y | AC14: Y
A15: Low | C15: No | D15: Yes | E15: MasterPacT MTZ active | F15: Circuit Breaker | G15: Power Products | H15: Energy management | I15: HW | J15: Connected Product | K15: Commercialized | L15: *Primary connectivity is through Enerlin'X IFE/EIFE | M15: Modbus, Zigbee, NFC, CoAP | P15: Y | U15: Y | V15: Y
A16: Low | C16: No | D16: No | E16: PowerPact | F16: Circuit Breakers and Switches | G16: Power Products | H16: Energy management | I16: HW | J16: Connected Product | K16: Commercialized | L16: *Primary connectivity is through Enerlin'X IFE/EIFE Modbus Serie & Modbus TCP with Enerlin'X, Micrologic (Use ULP to connect) | M16: Modbus Serie, Modbus TCP and maybe more | U16: Y | V16: Y
A17: Low | C17: No | D17: Yes | E17: PrismaSeT G Active | F17: Low Voltage Products and Systems | G17: Power Products | H17: Energy management | I17: HW | J17: Connected Product | K17: End of Commercialization | L17: With gateway Lora,4G | M17: LoRa, Bluetooth, IEEE 802.15.4
A18: Low | C18: No | D18: No | E18: PrismaSeT P Active | F18: Low Voltage Products and Systems | G18: Power Products | H18: Energy management | I18: HW | J18: Connected Product | K18: End of Commercialization | L18: With gateway Lora,4G | M18: LoRa, Bluetooth, IEEE 802.15.4
A19: High | C19: No | D19: No | E19: SourcePact | F19: Source isolation switch | G19: Power Products | H19: Energy management | I19: HW | J19: Connected Product | K19: Commercialized | M19: Modbus TCP
A20: High | C20: No | D20: No | E20: Tesys Terra | F20: Contactors & protection relays | G20: Power Products | H20: Energy management | I20: HW | J20: Connected Product | K20: Commercialized | M20: Modbus SL, Modbus TCP, Ethernet IP, Profibus DP, DeviceNet | P20: Y | U20: Y | V20: Y
A21: Low | C21: No | D21: No | E21: TransferPacT | F21: Circuit Breakers and Switches | G21: Power Products | H21: Energy management | I21: HW | J21: Connected Product | K21: Commercialized | M21: Modbus SL | U21: Y
A22: High | C22: No | D22: No | E22: PAS900S/LT | J22: Edge control | K22: Commercialized | L22: It is a product for China | M22: Modbus SL, Modbus TCP, Zigbee, Wifi, HTTPS, 4G, SNTP, DHCP | U22: Y | V22: Y | W22: Y | AB22: Y | AE22: Y | AF22: Y
A23: High | C23: No | D23: No | E23: PAS700 (Pocket HUB) | J23: Edge control | K23: Commercialized | L23: It is a product for China | M23: Modbus SL, Modbus TCP,, Wifi, HTTPS, SNTP | U23: Y | V23: Y | W23: Y | AB23: Y | AF23: Y
C24: No | D24: No | E24: Acti9 Active | F24: Low Voltage Products and systems | G24: Power Products | H24: Energy Management | I24: HW | J24: ? | K24: Commercialized | L24: Distribution | M24: In built connectivity (use with PAS)

Sheet Secure Power
A1: =COUNTIF(Table54810[Seen on BS],"Yes") -> 3 | B1: =COUNTIF(Table54810[Fingerprints available],"Yes") -> 7 | E1: =COUNTA(Table54810[Product range]) -> 24
A2: Seen on BS | B2: Fingerprints available | C2: NMC | D2: SP LOB | E2: Product range | F2: Family | G2: LOB | H2: BU | I2: Type | J2: EcoStruxuretruxure Level | K2: State | L2: Notes | M2: Protocols | N2: BacNet | O2: EIP | P2: FTP | Q2: HTTP/HTTPS | R2: KNX | S2: mDNS | T2: Modbus Series | U2: ModbusTCP | V2: SNTP | W2: SNMP | X2: SQL Server | Y2: Telnet | Z2: DNP3 | AA2: Web | AB2: SMTP | AC2: SFTP | AD2: 3,4G | AE2: Wifi , IPV4,6 | AF2: IEC 60870-5-103/104/101 | AG2: IEC 61850 | AH2: Zigbee | AI2: Other | AK2: bmm proposal
A3: No | B3: No | C3: Easy NMC | D3: T&E | E3: Easy Basic Rack PDU | F3: IT Power Distribution | G3: Critical Power, Cooling and Racks | H3: Secure Power | I3: HW | J3: No information | K3: Commercialized | M3: No information | AK3: Easy NMC
A4: No | B4: Yes | C4: Easy NMC | D4: Cooling | E4: Easy Cooling Row CW | F4: Cooling Solutions | G4: Secure Power | H4: Energy Management | I4: HW | J4: Connected product | K4: Commercialized | M4: Modbus RTU, Modbus TCP | T4: Y | U4: Y | AK4: Easy NMC
A5: No | B5: No | C5: Easy NMC | D5: T&E | E5: Easy Micro Data Center Serie (C, R, S) | F5: IT Racks and Accessories | G5: Secure Power | H5: Energy Management | I5: HW | J5: Connected product | K5: Commercialized | L5: Phone and application available | M5: No information | AA5: Y | AK5: Easy NMC
A6: Yes | B6: No | C6: NMC | D6: T&E | E6: EcoStruxure Micro Data Centers
A7: No | B7: Yes | C7: Easy NMC | D7: T&E | E7: Easy UPS 1 Ph On-Line | F7: Uninterruptible Power Supply (UPS) | G7: Secure Power | H7: Energy Management | I7: HW | J7: Connected product | K7: Commercialized | M7: Modbus & SNMP | T7: Y | U7: Y? | W7: Y | AK7: Easy NMC
A8: No | B8: Yes | C8: Easy 3P NMC | D8: DCS | E8: Easy UPS (3S, 3M, 3L) | F8: Uninterruptible Power Supply (UPS) | G8: Secure Power | H8: Energy Management | I8: HW | J8: Connected product | K8: Commercialized | M8: RS485, dry contacts, Ethernet (SNMP, Modbus, TCP/IP, BACnet) & Web | N8: Y | T8: Y | U8: ? | W8: Y | AK8: Easy NMC
A9: No | B9: No | C9: Easy NMC | D9: T&E | E9: Easy UPS | F9: Uninterruptible Power Supply (UPS) | G9: Secure Power | H9: Energy Management | I9: HW | J9: Connected product | K9: Commercialized | M9: Web, SSH, HTTPS, Modbus (Not sure) | T9: Y? | U9: Y? | W9: Y | AA9: Y | AK9: Easy NMC
A10: No | B10: No | C10: Cloud | D10: Software | E10: EcoStruxuretruxure IT Advisor | F10: Data Center Software | G10: Secure Power | H10: Energy Management | I10: SW | J10: Analytics | K10: Commercialized | M10: Software | AK10: Easy NMC
A11: No | B11: No | C11: Cloud | D11: Software | E11: EcoStruxuretruxure IT Expert | F11: Data Center Software | G11: Secure Power | H11: Energy Management | I11: SW | J11: Edge control | K11: Commercialized | M11: Software
A12: No | B12: No | C12: Gateway | D12: Software | E12: EcoStruxuretruxure IT Gateway NUC | F12: Data Center Software | G12: Secure Power | H12: Energy Management | I12: HW | J12: Connected product | K12: End of commercialization | M12: SNMP, Modbus RTU, Modbus TCP, HTTP/HTTPS,FTP | P12: Y | Q12: Y | T12: Y | U12: Y | W12: Y | AK12: Easy 3P NMC
A13: No | B13: No | C13: Cloud | D13: Software | E13: EcoStruxuretruxure IT SmartConnect | F13: Data Center Software | G13: Secure Power | H13: Energy Management | I13: SW | J13: Edge control | K13: Commercialized | M13: Software | AK13: Easy 3P NMC
A14: No | B14: No | C14: NMC3 | D14: DCS | E14: Galaxy PW Gen 2 | F14: Uninterruptible Power Supply (UPS) | G14: Secure Power | H14: Energy Management | I14: HW | J14: Connected product | K14: Commercialized | M14: Modbus Series , Web,SNMP | T14: Y | W14: Y | AA14: Y | AK14: Easy 3P NMC
A15: No | B15: No | C15: NMC3 | D15: DCS | E15: Galaxy VM | F15: Uninterruptible Power Supply (UPS) | G15: Secure Power | H15: Energy Management | I15: HW | J15: Connected product | K15: Commercialized | M15: Modbus (SCADA) , Modbus TCP/IP , Modbus RTU | T15: Y | U15: Y | AK15: Easy 3P NMC
A16: No | B16: No | C16: NMC3 | D16: DCS | E16: Galaxy VX | F16: Uninterruptible Power Supply (UPS) | G16: Secure Power | H16: Energy Management | I16: HW | J16: Connected product | K16: Commercialized | M16: Modbus TCP/IP & Modbus Series, Web,SNMP | P16: Mail | T16: Y | U16: Y | W16: Y | AK16: Easy NMC
A17: No | B17: Yes | C17: NMC4 | D17: DCS | E17: Agilis (Galaxy VL, VS, VXL) | F17: Uninterruptible Power Supply (UPS) | G17: Secure Power | H17: Energy Management | I17: HW | J17: Connected product | K17: Commercialized | M17: Modbus (SCADA) , Modbus TCP/IP , Modbus RTU | T17: Y | U17: Y | AK17: Easy NMC
A18: No | B18: No | C18: NMC3 | D18: Software | E18: NetBotz 250 (A) | F18: Security and Environmental Monitoring | G18: Secure Power | H18: Energy Management | I18: HW | J18: Connected product | K18: Commercialized | M18: HTTPS, SNMP, TCP/IP, SSH? | Q18: Y | U18: Y | W18: Y | AA18: Y? | AI18: SSH? | AK18: Easy NMC
A19: No | B19: No | C19: Software | D19: Software | E19: NetBotz 750 | AK19: Easy NMC
A20: Yes | B20: No | C20: NMC | D20: T&E | E20: NetShelter Rack PDUs | F20: IT Power Distribution | G20: Secure Power | H20: Energy Management | I20: HW | J20: Connected product | K20: Commercialized | M20: Modbus ? | T20: Y? | U20: Y? | AK20: Cloud
A21: No | B21: No | C21: Software | D21: Software | E21: PowerChute Network Shutdown | F21: Data Center Software | G21: Secure Power | H21: Energy Management | I21: SW | J21: Edge control | K21: Commercialized | M21: Software | AK21: ?
A22: No | B22: Yes | C22: NMC | D22: T&E | E22: Smart-UPS | F22: Uninterruptible Power Supply (UPS) | G22: Secure Power | H22: Energy Management | I22: HW | J22: Connected product | K22: Commercialized | M22: SNMP & Web, FTP& Modbus Serie with optional card | P22: Y | T22: Y | AA22: Y | AK22: NMC4
A23: No | B23: Yes | C23: NMC | D23: T&E | E23: Symmetra (1P) | F23: Uninterruptible Power Supply (UPS) | G23: Critical Power, Cooling and Racks | H23: Secure Power | I23: HW | J23: No information | K23: Commercialized | M23: No information | AK23: NMC4
A24: Yes | B24: No | C24: NMC | D24: DCS | E24: Symmetra PX (3P)
A25: No | B25: No | C25: NMC | D25: Cooling | E25: Unfilair | F25: Cooling Solutions | G25: Secure Power | H25: Energy Management | I25: HW | J25: Connected product | K25: Commercialized | M25: SNMP, Modbus TCP/IP, Modbus RTU, BacNet | N25: Y | T25: Y | U25: Y | W25: Y | AK25: drop
A26: No | B26: Yes | C26: Software | D26: Software | E26: Data Center Expert
AK27: USB

Sheet Secure Power (OLD)
A1: =COUNTIF(Table548[Seen on BS],"Yes") -> 4 | B1: =COUNTIF(Table548[Fingerprints available],"Yes") -> 14 | E1: =COUNTA(Table548[Product range]) -> 93
A2: Seen on BS | B2: Fingerprints available | C2: NMC | D2: Column1 | E2: Product range | F2: Family | G2: LOB | H2: BU | I2: Type | J2: EcoStruxuretruxure Level | K2: State | L2: Notes | M2: Protocols | N2: BacNet | O2: EIP | P2: FTP | Q2: HTTP/HTTPS | R2: KNX | S2: mDNS | T2: Modbus Series | U2: ModbusTCP | V2: SNTP | W2: SNMP | X2: SQL Server | Y2: Telnet | Z2: DNP3 | AA2: Web | AB2: SMTP | AC2: SFTP | AD2: 3,4G | AE2: Wifi , IPV4,6 | AF2: IEC 60870-5-103/104/101 | AG2: IEC 61850 | AH2: Zigbee | AI2: Other | AK2: bmm proposal
A3: No | B3: No | C3: Cooling: ACRC chilled water AFC | E3: Active flow controller | F3: IT Racks and Accessories | G3: Secure Power | H3: Energy Management | I3: HW | J3: Connected product | K3: Commercialized | M3: Modbus Series | T3: Y | AK3: Cooling: ACRC chilled water AFC
A4: No | B4: No | C4: home - drop | E4: Back UPS SX3 | F4: Uninterruptible Power Supply (UPS) | G4: Critical Power, Cooling and Racks | H4: Secure Power | I4: HW | J4: No information | K4: End of commercialization | L4: Seems no internet protocol | M4: No information | AK4: home - drop
A5: No | B5: Yes | C5: home - drop | E5: Back-UPS | F5: Uninterruptible Power Supply (UPS) | G5: Critical Power, Cooling and Racks | H5: Secure Power | I5: HW | J5: No information | K5: Commercialized | M5: No information | AK5: home - drop
A6: No | B6: No | C6: home - drop | E6: Back-UPS Connect | F6: Uninterruptible Power Supply (UPS) | G6: Secure Power | H6: Energy Management | I6: HW | J6: Connected product | K6: Commercialized | L6: Wifi via router ? | M6: No information | AE6: Y | AK6: home - drop
A7: No | B7: Yes | C7: home - drop | E7: Back-UPS Pro | F7: Uninterruptible Power Supply (UPS) | G7: Secure Power | H7: Energy Management | I7: HW | J7: Connected product | K7: Commercialized | L7: Ethernet | M7: No information | AK7: home - drop
A8: No | B8: No | C8: ??? | E8: Console LCD Netshelter | F8: IT Racks and Accessories | G8: Critical Power, Cooling and Racks | H8: Secure Power | I8: HW | J8: No information | K8: Commercialized | M8: No information | AK8: ???
A9: No | B9: Yes | C9: ??? | E9: Cooling Distribution and Piping Accessories | F9: Cooling Solutions | G9: Critical Power, Cooling and Racks | H9: Secure Power | I9: HW | J9: No information | K9: Commercialized | M9: No information | AK9: ???
A10: No | B10: No | C10: Easy NMC | E10: Easy Basic Rack PDU | F10: IT Power Distribution | G10: Critical Power, Cooling and Racks | H10: Secure Power | I10: HW | J10: No information | K10: Commercialized | M10: No information | AK10: Easy NMC
A11: No | B11: Yes | C11: Easy NMC | E11: Easy Cooling Row CW | F11: Cooling Solutions | G11: Secure Power | H11: Energy Management | I11: HW | J11: Connected product | K11: Commercialized | M11: Modbus RTU, Modbus TCP | T11: Y | U11: Y | AK11: Easy NMC
A12: No | B12: No | C12: Easy NMC | E12: Easy Custom Rack PDUs | F12: IT Power Distribution | G12: Critical Power, Cooling and Racks | H12: Secure Power | I12: HW | J12: Connected product | K12: Commercialized | L12: No reliable information | M12: No information | AK12: Easy NMC
A13: No | B13: No | C13: Easy NMC | E13: Easy Metered Rack PDU | F13: IT Power Distribution | G13: Secure Power | H13: Energy Management | I13: HW | J13: Connected product | K13: Commercialized | M13: HTTP/HTTPS , SNMP | Q13: Y | W13: Y | AK13: Easy NMC
A14: No | B14: No | C14: Easy NMC | E14: Easy Micro Data Center Serie C | F14: IT Racks and Accessories | G14: Secure Power | H14: Energy Management | I14: HW | J14: Connected product | K14: Commercialized | L14: Phone and application available | M14: No information | AA14: Y | AK14: Easy NMC
A15: No | B15: No | C15: Easy NMC | E15: Easy Micro Data Center Serie R | F15: IT Racks and Accessories | G15: Secure Power | H15: Energy Management | I15: HW | J15: Connected product | K15: Commercialized | L15: Phone and application available | M15: No information | AA15: Y | AK15: Easy NMC
A16: No | B16: No | C16: Easy NMC | E16: Easy Micro Data Center Serie S | F16: IT Racks and Accessories | G16: Secure Power | H16: Energy Management | I16: HW | J16: Connected product | K16: Commercialized | L16: Phone and application available | M16: No information | AA16: Y | AK16: Easy NMC
A17: No | B17: Yes | C17: Easy NMC | E17: Easy Switched Rack PDU | F17: IT Power Distribution | G17: Secure Power | H17: Energy Management | I17: HW | J17: Connected product | K17: Commercialized | M17: HTTP/HTTPS , SNMP | Q17: Y | W17: Y | AK17: Easy NMC
A18: No | B18: No | C18: Easy NMC | E18: Easy UPS 1 Ph BVS Series | F18: Uninterruptible Power Supply (UPS) | G18: Critical Power, Cooling and Racks | H18: Secure Power | I18: HW | J18: No information | K18: Commercialized | M18: No information | AK18: Easy NMC
A19: No | B19: Yes | C19: Easy NMC | E19: Easy UPS 1 Ph On-Line | F19: Uninterruptible Power Supply (UPS) | G19: Secure Power | H19: Energy Management | I19: HW | J19: Connected product | K19: Commercialized | M19: Modbus & SNMP | T19: Y | U19: Y? | W19: Y | AK19: Easy NMC
A20: No | B20: Yes | C20: Easy 3P NMC | E20: Easy UPS 3L | F20: Uninterruptible Power Supply (UPS) | G20: Secure Power | H20: Energy Management | I20: HW | J20: Connected product | K20: Commercialized | M20: RS485, dry contacts, Ethernet (SNMP, Modbus, TCP/IP, BACnet) & Web | N20: Y | T20: Y | U20: ? | W20: Y | AK20: Easy 3P NMC
A21: No | B21: No | C21: Easy 3P NMC | E21: Easy UPS 3L smock extraction | F21: Uninterruptible Power Supply (UPS) | G21: Secure Power | H21: Energy Management | I21: HW | J21: Connected product | K21: Commercialized | M21: SNMP & Modbus Serie ? | T21: Y? | W21: Y | AK21: Easy 3P NMC
A22: No | B22: No | C22: Easy 3P NMC | E22: Easy UPS 3M | F22: Uninterruptible Power Supply (UPS) | G22: Secure Power | H22: Energy Management | I22: HW | J22: Connected product | K22: Commercialized | M22: Modbus Serie, Modbus TCP, Bacnet, Web | N22: Y | T22: Y | U22: Y | W22: Y | AA22: Y | AK22: Easy 3P NMC
A23: No | B23: No | C23: Easy 3P NMC | E23: Easy UPS 3M smock extraction | F23: Uninterruptible Power Supply (UPS) | G23: Secure Power | H23: Energy Management | I23: HW | J23: Connected product | K23: Commercialized | M23: SNMP & Modbus Serie ? | T23: Y? | W23: Y | AK23: Easy 3P NMC
A24: No | B24: No | C24: Easy 3P NMC | E24: Easy UPS 3-Phase Modular | F24: Uninterruptible Power Supply (UPS) | G24: Secure Power | H24: Energy Management | I24: HW | J24: Connected product | K24: Commercialized | M24: Modbus TCP, Modbus Series Ethernet IP, BacNet | N24: Y | O24: Y | T24: Y | U24: Y | W24: Y | AK24: Easy 3P NMC
A25: No | B25: No | C25: Easy 3P NMC | E25: Easy UPS 3S | F25: Uninterruptible Power Supply (UPS) | G25: Secure Power | H25: Energy Management | I25: HW | J25: Connected product | K25: Commercialized | M25: RS485, dry contacts, Ethernet (SNMP, Modbus, TCP/IP, BACnet) & Web | N25: Y | T25: Y | U25: ? | W25: Y | AA25: Y | AK25: Easy 3P NMC
A26: No | B26: No | C26: Easy 3P NMC | E26: Easy UPS 3-Series Accessories | F26: Uninterruptible Power Supply (UPS) | G26: Secure Power | H26: Energy Management | I26: HW | J26: Connected product | K26: Commercialized | M26: No information | AK26: Easy 3P NMC
A27: No | B27: No | C27: Easy NMC | E27: Easy UPS Lithium Ion SRVL & SRVLS | F27: Uninterruptible Power Supply (UPS) | G27: Secure Power | H27: Energy Management | I27: HW | J27: Connected product | K27: Commercialized | M27: Web, SSH, HTTPS, Modbus (Not sure) | T27: Y? | U27: Y? | W27: Y | AA27: Y | AK27: Easy NMC
A28: No | B28: No | C28: Easy NMC | E28: Easy UPS On-Line | F28: Uninterruptible Power Supply (UPS) | G28: Critical Power, Cooling and Racks | H28: Secure Power | I28: HW | J28: No information | K28: Commercialized | M28: No information | AK28: Easy NMC
A29: No | B29: No | C29: Easy NMC | E29: Easy UPS Security Light | F29: Uninterruptible Power Supply (UPS) | G29: Secure Power | H29: Energy Management | I29: HW | J29: Connected product | K29: Commercialized | M29: Modbus Serial , SNMP , Modbus TCP/IP | T29: Y | U29: Y | W29: Y | AK29: Easy NMC
A30: No | B30: No | C30: Easy NMC | E30: Easy UPS SMVS | F30: Uninterruptible Power Supply (UPS) | G30: Secure Power | H30: Energy Management | I30: HW | J30: Connected product | K30: Commercialized | M30: Web SNMP | W30: Y | AA30: Y | AK30: Easy NMC
A31: No | B31: No | C31: Easy NMC | E31: Easy UPS SRVLS | F31: Uninterruptible Power Supply (UPS) | G31: Secure Power | H31: Energy Management | I31: HW | J31: Connected product | K31: Commercialized | M31: Web SNMP , Modbus | T31: Y? | U31: Y? | W31: Y | AA31: Y | AK31: Easy NMC
A32: No | B32: No | C32: Easy NMC | E32: Easy UPS SRVS | F32: Uninterruptible Power Supply (UPS) | G32: Secure Power | H32: Energy Management | I32: HW | J32: Connected product | K32: Commercialized | M32: SNMP, Web, Modbus serie | T32: Y | W32: Y | AA32: Y | AK32: Easy NMC
A33: No | B33: No | C33: Easy NMC | E33: Easy UPS SVRS | F33: Uninterruptible Power Supply (UPS) | G33: Secure Power | H33: Energy Management | I33: HW | J33: Connected product | K33: Commercialized | M33: Web SNMP , Modbus series | T33: Y | W33: Y | AA33: Y | AK33: Easy NMC
A34: No | B34: No | C34: Cloud | E34: EcoStruxure Asset Advisor | F34: Critical Power Cooling and Racks | G34: Digital Power | H34: Energy Management | I34: SW | J34: Analytics | K34: Commercialized | M34: Software | AK34: Cloud
A35: No | B35: No | C35: Cloud | E35: EcoStruxuretruxure IT Advisor | F35: Data Center Software | G35: Secure Power | H35: Energy Management | I35: SW | J35: Analytics | K35: Commercialized | M35: Software | AK35: Cloud
A36: No | B36: No | C36: Cloud | E36: EcoStruxuretruxure IT Expert | F36: Data Center Software | G36: Secure Power | H36: Energy Management | I36: SW | J36: Edge control | K36: Commercialized | M36: Software | AK36: Cloud
A37: No | B37: No | C37: Gateway | E37: EcoStruxuretruxure IT Gateway NUC | F37: Data Center Software | G37: Secure Power | H37: Energy Management | I37: HW | J37: Connected product | K37: End of commercialization | M37: SNMP, Modbus RTU, Modbus TCP, HTTP/HTTPS,FTP | P37: Y | Q37: Y | T37: Y | U37: Y | W37: Y | AK37: Gateway
A38: No | B38: No | C38: Cloud | E38: EcoStruxuretruxure IT SmartConnect | F38: Data Center Software | G38: Secure Power | H38: Energy Management | I38: SW | J38: Edge control | K38: Commercialized | M38: Software | AK38: Cloud
A39: No | B39: No | C39: ? | E39: Espace U | F39: No information | G39: Secure Power | H39: Energy Management | I39: HW | J39: Connected product | K39: No information | M39: HTTPS, SNMP, TCP/IP | Q39: Y | U39: Y | AK39: ?
A40: No | B40: No | C40: ? | E40: Galaxy Lithium-ion Battery Systems | F40: Uninterruptible Power Supply (UPS) | G40: Secure Power | H40: Energy Management | I40: HW | J40: Connected product | K40: Commercialized | M40: Modbus TCP/IP , Modbus RTU | T40: Y | U40: Y | AK40: ?
A41: No | B41: No | C41: NMC4 | E41: Galaxy PW Gen 2 | F41: Uninterruptible Power Supply (UPS) | G41: Secure Power | H41: Energy Management | I41: HW | J41: Connected product | K41: Commercialized | M41: Modbus Series , Web,SNMP | T41: Y | W41: Y | AA41: Y | AK41: NMC4
A42: No | B42: No | C42: NMC4 | E42: Galaxy VL | F42: Uninterruptible Power Supply (UPS) | G42: Secure Power | H42: Energy Management | I42: HW | J42: Connected product | K42: Commercialized | M42: Modbus (SCADA) , Modbus TCP/IP , Modbus RTU | T42: Y | U42: Y | AK42: NMC4
A43: No | B43: No | C43: NMC4 | E43: Galaxy VM | F43: Uninterruptible Power Supply (UPS) | G43: Secure Power | H43: Energy Management | I43: HW | J43: Connected product | K43: Commercialized | M43: Modbus (SCADA) , Modbus TCP/IP , Modbus RTU | T43: Y | U43: Y | AK43: NMC4
A44: No | B44: Yes | C44: NMC4 | E44: Galaxy VS | F44: Uninterruptible Power Supply (UPS) | G44: Secure Power | H44: Energy Management | I44: HW | J44: Connected product | K44: Commercialized | M44: Modbus (SCADA) , Modbus TCP/IP , Modbus RTU ?, Web | T44: Y? | U44: Y | AA44: Y | AK44: NMC4
A45: No | B45: No | C45: drop | E45: Galaxy VS accesories | F45: Uninterruptible Power Supply (UPS) | G45: Secure Power | H45: Energy Management | I45: HW | J45: Connected product | K45: Commercialized | M45: Modbus TCP, Modbus RTU | T45: Y | U45: Y | AK45: drop
A46: No | B46: No | C46: NMC4 | E46: Galaxy VX | F46: Uninterruptible Power Supply (UPS) | G46: Secure Power | H46: Energy Management | I46: HW | J46: Connected product | K46: Commercialized | M46: Modbus TCP/IP & Modbus Series, Web,SNMP | P46: Mail | T46: Y | U46: Y | W46: Y | AK46: NMC4
A47: No | B47: No | C47: Netbotz 750 | E47: NetBotz | F47: Security and Environmental Monitoring | G47: Secure Power | H47: Energy Management | I47: HW | J47: Connected product | K47: Commercialized | M47: HTTPS, SNMP, TCP/IP, SSH? | Q47: Y | U47: Y | W47: Y | AA47: Y? | AI47: SSH? | AK47: Netbotz 750
A48: No | B48: No | C48: NMC | E48: NetShelter Basic Rack PDUs | F48: IT Power Distribution | G48: Secure Power | H48: Energy Management | I48: HW | J48: Connected product | K48: Commercialized | M48: Modbus ? | T48: Y? | U48: Y? | AK48: NMC
A49: No | B49: No | C49: NMC | E49: NetShelter Custom Rack PDUs | F49: IT Power Distribution | G49: Secure Power | H49: Energy Management | I49: HW | J49: Connected product | K49: Commercialized | M49: TelNet, SNMP, Web | W49: Y | Y49: Y | AA49: Y | AK49: NMC
A50: No | B50: No | C50: NMC | E50: NetShelter Data Center Containment | F50: Cooling Solutions | G50: Critical Power, Cooling and Racks | H50: Secure Power | I50: HW | J50: No information | K50: End of commercialization | M50: No information | AK50: NMC
A51: No | B51: No | C51: NMC | E51: NetShelter Metered Rack PDUs | F51: IT Power Distribution | G51: Secure Power | H51: Energy Management | I51: HW | J51: Connected product | K51: Commercialized | M51: Web & SNMP, SSH?, EcoStruxuretruxure interace, Modbus ? | T51: Y? | U51: Y? | W51: Y | AA51: Y | AI51: SSH? | AK51: NMC
A52: No | B52: No | C52: NMC | E52: NetShelter Metered-by-Outlet Rack PDUs | F52: IT Power Distribution | G52: Secure Power | H52: Energy Management | I52: HW | J52: Connected product | K52: Commercialized | M52: Modbus TCP/IP, IPv4&6, snmp, ftp, web, | P52: Y | U52: Y | W52: Y | AA52: Y | AE52: Y | AK52: NMC
A53: No | B53: No | C53: NMC | E53: NetShelter Rack PDU Advanced | F53: IT Power Distribution | G53: Secure Power | H53: Energy Management | I53: HW | J53: Connected product | K53: Commercialized | M53: IPv4&6, Web, SNMP | W53: Y | AA53: Y | AE53: Y | AK53: NMC
A54: No | B54: No | C54: NMC | E54: NetShelter Switched Metered Outlet PDUs | F54: IT Power Distribution | G54: Secure Power | H54: Energy Management | I54: HW | J54: Connected product | K54: Commercialized | M54: Web, SNMP | W54: Y | AA54: Y | AK54: NMC
A55: No | B55: No | C55: NMC | E55: NetShelter Switched Rack PDUs | F55: IT Power Distribution | G55: Secure Power | H55: Energy Management | I55: HW | J55: Connected product | K55: Commercialized | M55: Software | AK55: NMC
A56: No | B56: Yes | C56: NMC | E56: Network Managment Card | F56: Data Center Software | G56: Secure Power | H56: Energy Management | I56: HW | J56: Connected product | K56: Commercialized | M56: SNMP, Web, FTP Modbus serie | P56: Y | T56: Y | W56: Y | AA56: Y | AK56: NMC
A57: No | B57: No | C57: Serial | E57: PowerChute Business Edition | F57: Data Center Software | G57: Secure Power | H57: Energy Management | I57: SW | J57: Edge control | K57: Commercialized | M57: Software | AK57: Serial
A58: No | B58: No | C58: NMC | E58: PowerChute Network Shutdown | F58: Data Center Software | G58: Secure Power | H58: Energy Management | I58: SW | J58: Edge control | K58: Commercialized | M58: Software | AK58: NMC
A59: No | B59: No | C59: USB | E59: PowerChute Personal Edition | F59: Data Center Software | G59: Secure Power | H59: Energy Management | I59: SW | J59: Edge control | K59: Commercialized | M59: Software | AK59: USB
A60: No | B60: No | C60: serial | E60: PowerChute Serial Shutdown | F60: Data Center Software | G60: Secure Power | H60: Energy Management | I60: SW | J60: Edge control | K60: Commercialized | M60: Software | AK60: serial
A61: No | B61: Yes | C61: NMC | E61: Smart-UPS | F61: Uninterruptible Power Supply (UPS) | G61: Secure Power | H61: Energy Management | I61: HW | J61: Connected product | K61: Commercialized | M61: SNMP & Web, FTP& Modbus Serie with optional card | P61: Y | T61: Y | AA61: Y | AK61: NMC
A62: No | B62: No | C62: NMC | E62: Smart-UPS Battery Systems | F62: Uninterruptible Power Supply (UPS) | G62: Critical Power, Cooling and Racks | H62: Secure Power | I62: HW | J62: No information | K62: Commercialized | M62: No information | AK62: NMC
A63: No | B63: No | C63: NMC | E63: Smart-UPS On-Line | F63: Uninterruptible Power Supply (UPS) | G63: Secure Power | H63: Energy Management | I63: HW | J63: Connected product | K63: Commercialized | M63: Web, Modbus Serie, SNMP, FTP, TelNet with a card | Q63: Y? | T63: Y | W63: Y | Y63: Y | AE63: Y | AK63: NMC
A64: No | B64: No | C64: NMC | E64: Smart-UPS On-Line SR1 | F64: Uninterruptible Power Supply (UPS) | G64: Secure Power | H64: Energy Management | I64: HW | J64: Connected product | K64: Commercialized | M64: Web, Modbus Serie, SNMP, FTP, TelNet with a card | Q64: Y? | T64: Y | W64: Y | Y64: Y | AE64: Y | AK64: NMC
A65: No | B65: No | C65: NMC | E65: Smart-UPS SCL,SMTL | F65: Uninterruptible Power Supply (UPS) | G65: Secure Power | H65: Energy Management | I65: HW | J65: Connected product | K65: Commercialized | M65: Web, SNMP | W65: Y | AA65: Y | AK65: NMC
A66: No | B66: No | C66: NMC | E66: Smart-UPS SMT | F66: Uninterruptible Power Supply (UPS) | G66: Secure Power | H66: Energy Management | I66: HW | J66: Connected product | K66: Commercialized | M66: Web, SNMP | W66: Y | AA66: Y | AK66: NMC
A67: No | B67: No | C67: NMC | E67: Smart-UPS SMX | F67: Uninterruptible Power Supply (UPS) | G67: Secure Power | H67: Energy Management | I67: HW | J67: Connected product | K67: Commercialized | M67: Web, SNMP | W67: Y | AA67: Y | AK67: NMC
A68: No | B68: Yes | C68: NMC | E68: Smart-UPS SRT | F68: Uninterruptible Power Supply (UPS) | G68: Secure Power | H68: Energy Management | I68: HW | J68: Connected product | K68: Commercialized | M68: Web SNMP ,Modbus serial , HTTP | Q68: ? | T68: Y | W68: Y | AK68: NMC
A69: No | B69: No | C69: NMC | E69: Smart-UPS SRTG | F69: Uninterruptible Power Supply (UPS) | G69: Secure Power | H69: Energy Management | I69: HW | J69: Connected product | K69: Commercialized | M69: Modbus serial | T69: Y | AK69: NMC
A70: No | B70: No | C70: NMC | E70: Smart-UPS SRTL | F70: Uninterruptible Power Supply (UPS) | G70: Secure Power | H70: Energy Management | I70: HW | J70: Connected product | K70: Commercialized | M70: Web,SNMP | W70: Y | AA70: Y | AK70: NMC
A71: No | B71: Yes | C71: NMC | E71: Smart-UPS SURT & RT | F71: Uninterruptible Power Supply (UPS) | G71: Secure Power | H71: Energy Management | I71: HW | J71: Connected product | K71: Commercialized | M71: Web,SNMP | T71: Y | W71: Y | AA71: ? | AK71: NMC
A72: No | B72: No | C72: NMC | E72: Smart-UPS Ultra | F72: Uninterruptible Power Supply (UPS) | G72: Secure Power | H72: Energy Management | I72: HW | J72: Connected product | K72: Commercialized | M72: Web, Modbus Serie, SNMP, FTP, TelNet? with a card | Q72: Y | T72: Y | W72: Y | Y72: Y? | AA72: Y | AK72: NMC
A73: No | B73: Yes | C73: NMC | E73: Symmetra | F73: Uninterruptible Power Supply (UPS) | G73: Critical Power, Cooling and Racks | H73: Secure Power | I73: HW | J73: No information | K73: Commercialized | M73: No information | AK73: NMC
A74: No | B74: No | C74: NMC | E74: Symmetra LX | G74: Secure Power | H74: Energy Management | I74: HW | J74: Connected product | K74: Commercialized | M74: Web,SNMP, Wifi, | W74: Y | AA74: Y | AE74: Y | AK74: NMC
A75: No | B75: Yes | C75: NMC | E75: Symmetra PX | F75: Uninterruptible Power Supply (UPS) | G75: Secure Power | H75: Energy Management | I75: HW | J75: Connected product | K75: Commercialized | M75: HTTP, Modbus RTU, IPV6, SNMP | Q75: Y | T75: Y | W75: Y | AE75: Y | AK75: NMC
A76: No | B76: No | C76: NMC | E76: Symmetra PX Modular | F76: Uninterruptible Power Supply (UPS) | G76: Secure Power | H76: Energy Management | I76: HW | J76: Connected product | K76: Commercialized | M76: SNMP | W76: Y | AK76: NMC
A77: No | B77: No | C77: NMC | E77: Three-phase Power Transfer System (specific offer) | F77: Uninterruptible Power Supply (UPS) | G77: Secure Power | H77: Energy Management | I77: HW | J77: Connected product | K77: Commercialized | M77: Modbus Serie maybe more | T77: Y | AK77: NMC
A78: No | B78: No | C78: NMC | E78: Unfilair Air Cooled Chillers | F78: Cooling Solutions | G78: Secure Power | H78: Energy Management | I78: HW | J78: Connected product | K78: Commercialized | M78: SNMP, Modbus TCP/IP, Modbus RTU, BacNet | N78: Y | T78: Y | U78: Y | W78: Y | AK78: NMC
A79: No | B79: No | C79: NMC | E79: Unflair Indirect Economizers | F79: Cooling Solutions | G79: Secure Power | H79: Energy Management | I79: HW | J79: Connected product | K79: Commercialized | M79: Modbus | T79: Y? | U79: Y? | AK79: NMC
A80: No | B80: No | C80: NMC | E80: Uniflair Ceiling Mounted Split Room Cooling | F80: Cooling Solutions | G80: Secure Power | H80: Energy Management | I80: HW | J80: Connected product | K80: Commercialized | M80: Web, Telnet, SSH | Y80: Y | AA80: Y | AI80: SSH | AK80: NMC
A81: No | B81: No | C81: NMC | E81: Uniflair Ducted Chillers | F81: Cooling Solutions | G81: Critical Power, Cooling and Racks | H81: Secure Power | I81: HW | J81: No information | K81: Commercialized | M81: No information | AK81: NMC
A82: No | B82: No | C82: NMC | E82: Uniflair Free Cooling Chillers | F82: Cooling Solutions | G82: Secure Power | H82: Energy Management | I82: HW | J82: Connected product | K82: Commercialized | M82: Web, Telnet & SSH | Y82: Y | AA82: Y | AI82: SSH | AK82: NMC
A83: No | B83: No | C83: NMC | E83: Uniflair Med,Large Room Cooling | F83: Cooling Solutions | G83: Secure Power | H83: Energy Management | I83: HW | J83: Connected product | K83: Commercialized | M83: Web, Telnet & SSH, Bacnet, Modbus | N83: Y | T83: Y? | U83: Y? | Y83: Y | AA83: Y | AI83: SSH | AK83: NMC
A84: No | B84: No | C84: NMC | E84: Uniflair Monoblock Room Cooling | F84: Cooling Solutions | G84: Secure Power | H84: Energy Management | I84: HW | J84: Connected product | K84: Commercialized | M84: Web, Telnet & SSH, Bacnet, Modbus | N84: Y | T84: Y? | U84: Y? | Y84: Y | AA84: Y | AI84: SSH | AK84: NMC
A85: No | B85: No | C85: NMC | E85: Uniflair Rack Mounted Room Cooling | F85: Cooling Solutions | G85: Secure Power | H85: Energy Management | I85: HW | J85: Connected product | K85: Commercialized | M85: Modbus Serie | T85: Y | AK85: NMC
A86: No | B86: No | C86: NMC | E86: Uniflair Small Room Cooling | F86: Cooling Solutions | G86: Secure Power | H86: Energy Management | I86: HW | J86: Connected product | K86: Commercialized | M86: SNMP, Modbus TCP/IP & RTU, BacNet | N86: Y | T86: Y | U86: Y | W86: Y | AK86: NMC
A87: No | B87: No | C87: NMC | E87: Uniflair SP | F87: Cooling Solutions | G87: Secure Power | H87: Energy Management | I87: HW | J87: Connected product | K87: Commercialized | M87: Modbus TCP, Telnet, SSH, FTP, HTTP/HTTPS?, SNMP | P87: Y | Q87: Y | U87: Y | W87: Y | Y87: Y | AE87: Y | AK87: NMC
A88: No | B88: No | C88: NMC | E88: Uniflair Wall Mount Room Cooling | F88: Cooling Solutions | G88: Secure Power | H88: Energy Management | I88: HW | J88: Connected product | K88: Commercialized | M88: HTTP/HTTPS, Telnet & SSH?, Bacnet, Modbus | N88: Y | T88: Y? | U88: Y? | Y88: Y | AA88: Y | AI88: SSH | AK88: NMC
A89: No | B89: No | C89: NMC | E89: Uniflair Water Chilled Unit | F89: Cooling Solutions | G89: Critical Power, Cooling and Racks | H89: Secure Power | I89: HW | J89: No information | K89: No information | M89: Modbus, SNMP?, | T89: Y? | U89: Y? | W89: Y? | AK89: NMC
A90: No | B90: No | C90: NMC | E90: Uniflair Water Cooled Chillers | F90: Cooling Solutions | G90: Secure Power | H90: Energy Management | I90: HW | J90: Connected product | K90: Commercialized | M90: HTTP/HTTPS, Telnet & SSH?, Bacnet, Modbus | N90: Y | T90: Y? | U90: Y? | Y90: Y | AA90: Y | AI90: SSH | AK90: NMC
A91: No | B91: No | C91: NMC | E91: UPS Network Management Cards | F91: Uninterruptible Power Supply (UPS) | G91: Secure Power | H91: Energy Management | I91: HW | J91: Connected product | K91: Commercialized | M91: SSH, HTTP/HTTPS, , SNMP, FTP, IPv4&6, Modbus? | N91: Y | P91: Y | Q91: Y | T91: Y | U91: Y | W91: Y | AA91: Y | AE91: Y | AK91: NMC
A92: Yes | B92: No | C92: NMC | E92: EcoStruxure Micro Data Centers | AK92: NMC
A93: Yes | B93: No | C93: NMC | E93: Rack Power Distribution | AK93: NMC
A94: Yes | B94: No | C94: NMC | E94: Smart-UPS | AK94: NMC
A95: Yes | B95: No | C95: NMC | E95: UPS Management | AK95: NMC
E98: Seen online but cannot identify product
E100: New Category to be implemented (04 Mar)
H101: NMC2 Apps | J101: NMC3 Apps
E102: First Level | H102: Name | I102: LOB | J102: App Name | K102: LOB
E103: NMC1 | F103: AOS version 1,2,3 | G103: AP9617, AP9618, AP9619 | H103: acrc2g | I103: Cooling | J103: ACRC-2G | K103: Cooling
...

Sheet Digital Building
A1: =COUNTIF(Table3210[Seen on BS], "Yes") -> 11 | B1: =COUNTIF(Table3210[Fingerprints available],"Yes") -> 15 | C1: =COUNTA(Table3210[Product range]) -> 48
A2: Seen on BS | B2: Fingerprints available | C2: Product range | D2: Family | E2: Family | F2: LOB | G2: Type | H2: EcoStruxure Level | I2: State | J2: Notes | K2: Protocols | L2: BacNet | M2: EIP | N2: FTP | O2: HTTP/ HTTPS | P2: KNX | Q2: mDNS | R2: Modbus Series | S2: ModbusTCP | T2: SNTP | U2: SNMP | V2: SQL Server | W2: Telnet | X2: DNP3 | Y2: Web | Z2: SMTP | AA2: SFTP | AB2: 3,4G | AC2: Wifi , IPV4,6 | AD2: IEC 60870-5-103/104/101 | AE2: IEC 61850 | AF2: Zigbee | AG2: Other
A3: Yes | B3: Yes | C3: Andover Continuum | D3: Energy management software solution | E3: Digital Building | F3: Energy management | G3: HW | H3: Connected Product | I3: Discontinued | K3: BacNet, Modbus TCP, SNTP | L3: Y | S3: Y | T3: Y
A4: No | B4: Yes | C4: Atmostech | D4: ? | E4: ? | G4: HW | H4: ? | I4: Discontinued | K4: No information
A5: Yes | B5: Yes | C5: bCX1 | D5: ? | E5: Digital Building | F5: Energy management | G5: HW | I5: Commercialized | K5: BacNet | L5: Y
A6: No | B6: Yes | C6: Dardo Plus System | D6: Building management | E6: Digital Building | F6: Energy management | G6: HW | H6: Connected Product | I6: Commercialized | K6: Modbus Serie, Modbus TCP | R6: Y | S6: Y
A7: No | B7: Yes | C7: EasyLogic™ MP-C Controller | D7: Controllers, expansion modules, server & HMI | E7: Digital Building | F7: Energy management | G7: HW | H7: Edge control | I7: Commercialized | K7: BACnet MS,TP | L7: Y | AG7: Bluetooth
A8: No | B8: Yes | C8: EasyLogic™ RP-C Controller | D8: Controllers, expansion modules, server & HMI | E8: Digital Building | F8: Energy management | G8: HW | H8: Edge control | I8: Commercialized | K8: BACnet MS,TP | L8: Y | AG8: Bluetooth
C9: EasyLogic™ RP-V Controller | D9: Controllers, expansion modules, server & HMI | E9: Digital Building | F9: Energy management | G9: HW | H9: Edge control
A10: No | B10: No | C10: EasyLogic™ RP-IO Module | D10: Controllers, expansion modules, server & HMI | E10: Digital Building | F10: Energy management | G10: HW | H10: Edge control | I10: Commercialized | K10: BACnet MS,TP | L10: Y | AG10: Bluetooth
A11: Yes | B11: Yes | C11: EcoStruxure Building Operation | D11: Controllers, expansion modules, server & HMI | E11: Digital Building | F11: Energy management | G11: SW | H11: Edge control | I11: Commercialized | K11: Software
A12: No | B12: No | C12: EcoStruxure Buildng Activate | D12: Controllers, expansion modules, server & HMI | E12: Digital Building | F12: Energy management | G12: SW | H12: Edge control | I12: Commercialized | K12: Software
A13: No | B13: Yes | C13: EcoStruxuretruxure Fire Expert | D13: Fire and security | E13: Digital Building | F13: Energy management | G13: SW | H13: Edge control | I13: Commercialized | K13: Software
A14: No | B14: Yes | C14: Esmi Sense FDP | D14: Property management and security solutions | E14: Digital Building | F14: Energy management | G14: HW | H14: Connected Product | I14: Commercialized | K14: BacNet | L14: Y
A15: No | B15: No | C15: ExoStruxure Access Expert | D15: Building security and access control | E15: Digital Building | F15: Energy management | G15: SW | H15: Edge control | I15: Commercialized | K15: Software
A16: No | B16: No | C16: ExoStruxure Security Expert | D16: Building security and access control | E16: Digital Building | F16: Energy management | G16: SW | H16: Edge control | I16: Commercialized | K16: Software
A17: No | B17: No | C17: iNET 7 Access Control | D17: Building management | E17: Digital Building | F17: Energy management | G17: HW | H17: Connected Product | I17: Discontinued | K17: Software
A18: No | B18: No | C18: iNET 7 HVAC | D18: Building management | E18: Digital Building | F18: Energy management | G18: HW | H18: Connected Product | I18: Discontinued | K18: No information
A19: No | B19: No | C19: Satchwell Micronet | D19: Building management | E19: Digital Building | F19: Energy management | G19: HW | H19: Connected Product | I19: Discontinued | K19: Comms Protocol: ARCNET,LON, NCP
A20: No | B20: No | C20: Satchwell Sigma | D20: Building management | E20: Digital Building | F20: Energy management | G20: HW | H20: Connected Product | I20: Discontinued | K20: Software and hardware
A21: No | B21: No | C21: SE7000 Series | D21: Controllers, expansion modules, server & HMI | E21: Digital Building | F21: Energy management | G21: HW | H21: Connected Product | I21: Commercialized | K21: BacNet MS,TP, Zigbee | L21: Y | AF21: Y
A22: No | B22: No | C22: SE8000 Series | D22: Controllers, expansion modules, server & HMI | E22: Digital Building | F22: Energy management | G22: HW | H22: Connected Product | I22: Commercialized | K22: BacNet MS,TP, Modbus RTU, Zigbee | L22: Y | R22: Y | AF22: Y
A23: No | B23: Yes | C23: Software, SpaceLogic C-Bus, commissioning | D23: Residential and small business | E23: Digital Building | F23: Energy management | G23: HW | H23: Connected Product | I23: Commercialized | K23: Software
A24: No | B24: No | C24: SpaceLogic Advanced Display | D24: Controllers, expansion modules, server & HMI | E24: Digital Building | F24: Energy management | G24: HW | H24: Edge control | I24: Commercialized | K24: 3,4G USBNet:2.0 | AB24: Y
A25: No | B25: No | C25: SpaceLogic C-Bus | D25: Residential and small business | E25: Digital Building | F25: Energy management | G25: HW | H25: Connected Product | I25: Commercialized | K25: BacNet IP, KNX, Modbus RTU, Modbus TCP, EIP | L25: Y | M25: Y | P25: Y
A26: No | B26: No | C26: SpaceLogic KNX | D26: Residential and small business | E26: Digital Building | F26: Energy management | G26: HW | H26: Connected Product | I26: Commercialized | K26: KNX, ModbusRTU & TCP, BacNet TCP, 3G modem, Web, HTTP/HTTPS, FTP, Wifi | L26: Y | P26: Y | R26: Y | S26: Y
A27: No | B27: No | C27: SpaceLogic Wireless Connectivity - Advanced | D27: Controllers, expansion modules, server & HMI | E27: Digital Building | F27: Energy management | G27: HW | H27: Edge control | I27: Commercialized | K27: BacNet | L27: Y
A28: No | B28: Yes | C28: SpaceLogic™ and EasyLogic™ Adapters | D28: Controllers, expansion modules, server & HMI | E28: Digital Building | F28: Energy management | G28: HW | H28: Edge control | I28: Commercialized | K28: BacNet IP ans BacNEt MS,TP | L28: Y
A29: Yes | B29: Yes | C29: SpaceLogic™ AS-B Automation Server | D29: Controllers, expansion modules, server & HMI | E29: Digital Building | F29: Energy management | G29: HW | H29: Edge control | I29: Commercialized | K29: BacNet, EIP, Modbus TCP, SNTP | L29: Y | M29: Y | O29: Y | S29: Y | T29: Y | Z29: Y | AG29: Bluetooth
A30: Yes | B30: Yes | C30: SpaceLogic™ AS-P Automation Server | D30: Controllers, expansion modules, server & HMI | E30: Digital Building | F30: Energy management | G30: HW | H30: Edge control | I30: Commercialized | K30: BacNet, EIP, Modbus TCP, SNTP, HTTP/HTTPS | L30: Y | M30: Y | O30: Y | S30: Y | T30: Y | Z30: Y | AG30: Bluetooth
A31: No | B31: No | C31: SpaceLogic™ Central I,O Module | D31: Controllers, expansion modules, server & HMI | E31: Digital Building | F31: Energy management | G31: HW | H31: Edge control | I31: Commercialized | K31: BacNet IP | L31: Y
A32: No | B32: No | C32: SpaceLogic™ IP-IO Expansion Module | D32: Controllers, expansion modules, server & HMI | E32: Digital Building | F32: Energy management | G32: HW | H32: Edge control | I32: Commercialized | K32: BacNet IP | L32: Y
A33: Yes | B33: No | C33: SpaceLogic™ MP-C Controller | D33: Controllers, expansion modules, server & HMI | E33: Digital Building | F33: Energy management | G33: HW | H33: Edge control | I33: Commercialized | K33: BacNet,IP | L33: Y | AG33: Bluetooth
A34: Yes | B34: No | C34: SpaceLogic™ MP-V Controller | D34: Controllers, expansion modules, server & HMI | E34: Digital Building | F34: Energy management | G34: HW | H34: Edge control | I34: Commercialized | K34: BACnet,IP, KNX | L34: Y | P34: Y | AG34: Bluetooth
A35: No | B35: No | C35: SpaceLogic™ Operator Display | D35: Controllers, expansion modules, server & HMI | E35: Digital Building | F35: Energy management | G35: HW | H35: Edge control | I35: Commercialized | K35: BacNEt IP | L35: Y
C36: SpaceLogic™ Advanced Display | D36: Controllers, expansion modules, server & HMI | E36: Digital Building | F36: Energy management | G36: HW | H36: Edge control | I36: Commercialized
A37: Yes | B37: No | C37: SpaceLogic™ RP-C Controller | D37: Controllers, expansion modules, server & HMI | E37: Digital Building | F37: Energy management | G37: HW | H37: Edge control | I37: Commercialized | K37: BACnet IP Bluetooth 5.0 LE 2.4 GHz BACnet MS,TP | L37: Y | AG37: Bluetooth
A38: No | B38: No | C38: SpaceLogic™ RP-V Controller | D38: Controllers, expansion modules, server & HMI | E38: Digital Building | F38: Energy management | G38: HW | H38: Edge control | I38: Commercialized | K38: Bluetooth 5.1 low energy BacNet IP | L38: Y | AG38: Bluetooth
C39: SpaceLogic™ RP Controller - Light & Blind Modules | D39: Controllers, expansion modules, server & HMI | E39: Digital Building | F39: Energy management | G39: HW | H39: Edge control | I39: Commercialized
C40: SpaceLogic™ RP Controller - Room Sensor Modules | D40: Controllers, expansion modules, server & HMI | E40: Digital Building | F40: Energy management | G40: HW | H40: Edge control | I40: Commercialized
A41: No | B41: Yes | C41: SpaceLYnk | D41: Home Automation | E41: Digital Building | F41: Energy management | G41: HW | H41: Connected Product | I41: Commercialized | K41: KNX, ModbusRTU & TCP, BacNet TCP, 3G modem, Web, HTTP/HTTPS, FTP | L41: Y | P41: Y | R41: Y | S41: Y
A42: No | B42: No | C42: Stachwell Controllers | D42: Building management | E42: Digital Building | F42: Energy management | G42: HW | H42: Connected Product | I42: Discontinued | J42: suspectable | K42: Bacnet? | L42: Y?
A43: No | B43: No | C43: TAC FM | D43: Building management | E43: Digital Building | F43: Energy management | G43: SW | H43: Connected Product | I43: Discontinued | K43: No information
A44: Yes | B44: No | C44: TAC I,A Series | D44: Building management | E44: Digital Building | F44: Energy management | G44: HW | H44: Connected Product | I44: Discontinued | K44: BacNet, Modbus TCP | L44: Y | S44: Y
A45: No | B45: No | C45: TAC I,NET | D45: Building management | E45: Digital Building | F45: Energy management | G45: HW | H45: Connected Product | I45: Discontinued | K45: No information | S45: Y
A46: No | B46: No | C46: TAC Vista | D46: Building management | E46: Digital Building | F46: Energy management | G46: HW | H46: Connected Product | I46: Discontinued | K46: Bacnet?, Modbus TCP | L46: Y? | S46: Y
A47: No | B47: No | C47: TAC Vista WebStation | D47: Building management | E47: Digital Building | F47: Energy management | G47: HW | H47: Connected Product | I47: Discontinued | K47: EIP | M47: Y
A48: No | B48: Yes | C48: TAC Xenta | D48: Building management | E48: Digital Building | F48: Energy management | G48: HW | H48: Connected Product | I48: Discontinued | K48: BacNet, Modbus TCP | L48: Y | S48: Y
A49: Yes | B49: No | C49: SmartX IP Controller | D49: Building management | E49: Digital Building | F49: Energy management | G49: HW | H49: Connected Product | K49: BacNet, Modbus TCP, MSTP/IP
A50: Yes | B50: No | C50: SpaceLogic | D50: Building management | E50: Digital Building | F50: Energy management | G50: HW | H50: Connected Product | K50: BacNet, Modbus TCP, MSTP/IP

Sheet Home & Distribution
A1: =COUNTIF(Table328[Seen on BS],"Yes") -> 3 | B1: =COUNTIF(Table328[Fingerprints available],"Yes") -> 1 | C1: =COUNTA(Table328[[Product range ]]) -> 3
A2: Seen on BS | B2: Fingerprints available | C2: Product range | D2: Family | E2: LOB | F2: BU | G2: Type | H2: EcoStruxure Level | I2: State | J2: Notes | K2: Protocols | L2: BacNet | M2: EIP | N2: FTP | O2: HTTP/HTTPS | P2: KNX | Q2: mDNS | R2: Modbus Series | S2: ModbusTCP | T2: SNTP | U2: SNMP | V2: SQL Server | W2: Telnet | X2: DNP3 | Y2: Web | Z2: SMTP | AA2: SFTP | AB2: 3,4G | AC2: Wifi , IPV4,6 | AD2: IEC 60870-5-103/104/101 | AE2: IEC 61850 | AF2: Zigbee | AG2: Column1
A3: Yes | B3: Yes | C3: Wiser KNX (SpaceLogic KNX) | D3: Residential and Small Business | E3: Home Solutions | F3: Energy Management | G3: HW and SW | H3: ? | I3: Commercialized | J3: Home | K3: KNX IP, BacNet IP, Modbus RUT & TCP, Wifi, Zigbee, BacNet, 3G, HTTP/HTTPS, FTP | L3: Y | N3: Y | O3: Y | P3: Y | R3: Y | S3: Y | AB3: Y | AC3: Y | AF3: Y
A4: Yes | B4: No | C4: SpaceLogic C-Bus Home Automation System | E4: Home Solutions
A5: Yes | B5: No | C5: Wiser Smart Home | E5: Home Solutions | K5: HTTPS

Sheet Power System
A1: =COUNTIF(Table3295[Seen on BS],"Yes") -> 0 | B1: =COUNTIF(Table3295[Fingerprints available],"Yes") -> 1 | C1: =COUNTA(Table3295[[Product range ]]) -> 22
A2: Seen on BS | B2: Fingerprints available | C2: Product range | D2: Family | E2: LOB | F2: BU | G2: Type | H2: EcoStruxure Level | I2: State | J2: Notes | K2: Protocols | L2: BacNet | M2: EIP | N2: FTP | O2: HTTP/HTTPS | P2: KNX | Q2: mDNS | R2: Modbus Series | S2: ModbusTCP | T2: SNTP | U2: SNMP | V2: SQL Server | W2: Telnet | X2: DNP3 | Y2: Web | Z2: SMTP | AA2: SFTP | AB2: 3,4G | AC2: Wifi , IPV4,6 | AD2: IEC 60870-5-103/104/101 | AE2: IEC 61850 | AF2: Zigbee | AG2: Column1
A3: No | B3: Yes | C3: SM AirSeT | D3: Medium Voltage Distribution and grid automation | E3: Power Systems | F3: Energy management | G3: HW | H3: Connected product | I3: Commercialized | J3: System so the different products within might be the ones detectable | K3: No information
A4: No | B4: No | C4: RM AirSeT | D4: Medium Voltage Distribution and grid automation | E4: Power Systems | F4: Energy management | G4: HW | H4: Connected product | I4: Commercialized | J4: System so the different products within might be the ones detectable | K4: No information
A5: No | B5: No | C5: BlokSeT | D5: Medium Voltage Distribution and grid automation | E5: Power Systems | F5: Energy management | G5: HW | H5: Connected product | I5: Commercialized | J5: System so the different products within might be the ones detectable | K5: No information
A6: No | B6: No | C6: Okken | D6: Medium Voltage Distribution and grid automation | E6: Power Systems | F6: Energy management | G6: HW | H6: Connected product | I6: Commercialized | J6: System so the different products within might be the ones detectable | K6: No information
A7: No | B7: No | C7: MCSet | D7: Medium Voltage Distribution and grid automation | E7: Power Systems | F7: Energy management | G7: HW | H7: Connected product | I7: Commercialized | J7: System so the different products within might be the ones detectable | K7: No information
A8: No | B8: No | C8: PremSet | D8: Medium Voltage Distribution and grid automation | E8: Power Systems | F8: Energy management | G8: HW | H8: Connected product | I8: Commercialized | J8: System so the different products within might be the ones detectable | K8: No information
A9: No | B9: No | C9: SM6 | D9: Medium Voltage Distribution and grid automation | E9: Power Systems | F9: Energy management | G9: HW | H9: Connected product | I9: Commercialized | J9: System so the different products within might be the ones detectable | K9: No information
A10: No | B10: No | C10: RM6 | D10: Medium Voltage Distribution and grid automation | E10: Power Systems | F10: Energy management | G10: HW | H10: Connected product | I10: Commercialized | J10: System so the different products within might be the ones detectable | K10: No information
A11: No | B11: No | C11: PIX | D11: Medium Voltage Distribution and grid automation | E11: Power Systems | F11: Energy management | G11: HW | H11: Connected product | I11: Commercialized | J11: System so the different products within might be the ones detectable | K11: No information
A12: No | B12: No | C12: MotorPact | D12: Medium Voltage Distribution and grid automation | E12: Power Systems | F12: Energy management | G12: HW | H12: Connected product | I12: Commercialized | J12: System so the different products within might be the ones detectable | K12: No information
A13: No | B13: No | C13: GenieEvo | D13: Medium Voltage Distribution and grid automation | E13: Power Systems | F13: Energy management | G13: HW | H13: Connected product | I13: Commercialized | J13: System so the different products within might be the ones detectable | K13: No information
A14: No | B14: No | C14: Fluair | D14: Medium Voltage Distribution and grid automation | E14: Power Systems | F14: Energy management | G14: HW | H14: Connected product | I14: Commercialized | J14: System so the different products within might be the ones detectable | K14: No information
... A23: No | B23: No | C23: Flusarc | D23: Medium Voltage Distribution and grid automation | E23: Power Systems | F23: Energy management | G23: HW | H23: Connected product | I23: Commercialized | J23: System so the different products within might be the ones detectable | K23: No information
A24: No | B24: No | C24: VarSet | D24: Power Quality and Power Factor Correction | E24: Digital Power | F24: Energy Management | G24: HW | H24: Connected product | I24: Commercialized | J24: System so the different products within might be the ones detectable | K24: No information | R24: Y

Sheet Innovation at the edge
A1: Product range | B1: Family | C1: LOB | D1: BU | E1: Type | F1: EcoStruxuretruxure Level | G1: State | H1: Notes | I1: Protocols | J1: BacNet | K1: EIP | L1: FTP | M1: HTTP/HTTPS | N1: KNX | O1: mDNS | P1: Modbus Series | Q1: ModbusTCP | R1: SNTP | S1: SNMP | T1: SQL Server | U1: Telnet | V1: DNP3 | W1: Web | X1: SMTP | Y1: SFTP | Z1: 3,4G | AA1: Wifi , IPV4,6 | AB1: IEC 60870-5-103/104/101 | AC1: IEC 61850 | AD1: Zigbee | AE1: Other
A2: EcoStruxure ArcFM series | B2: Medium Voltage Distribution and Grid Automation | C2: Digital Grid | D2: Innovation at the edge | E2: SW | F2: Analytics | G2: Commercialized | H2: Software | I2: Software
A3: EcoStruxure DERMS | B3: Medium Voltage Distribution and Grid Automation | C3: Digital Grid | D3: Innovation at the edge | E3: SW | F3: Analytics | G3: Commercialized | H3: Software | I3: Software
A4: EcoStruxure ADMS | B4: Medium Voltage Distribution and Grid Automation | C4: Digital Grid | D4: Innovation at the edge | E4: SW | F4: Analytics | G4: Commercialized | H4: Software | I4: Software
A5: EcoStruxure Microgrid Operation | B5: Medium Voltage Distribution and Grid Automation | C5: Digital Grid | D5: Innovation at the edge | E5: SW | F5: Analytics | G5: Commercialized | H5: Software | I5: Software
A6: Energy Control Center | B6: Low Voltage Products and Systems | C6: Digital Grid | D6: Innovation at the edge | E6: HW
A7: EcoStruxuretruxure Microgrid Advisor | B7: Medium Voltage Distribution and Grid Automation | C7: Digital Grid | D7: Energy Management | E7: SW | F7: Analytics | G7: Commercialized | I7: Software
A8: EcoStruxuretruxure Microgrid Flex | B8: Medium Voltage Distribution and Grid Automation | C8: Digital Grid | D8: Energy Management | E8: SW | F8: Edge control | G8: Commercialized | I8: Software
A9: EV Link | B9: Electrical Car Charging | C9: eMobility | D9: Innovation at the edge | E9: HW | F9: Connected product | G9: Commercialized | I9: Wifi
A10: BASIC | B10: Motor Management | C10: Portfolio company | D10: Innovation at the edge | E10: HW | F10: Connected product ? | G10: Commercialized | H10: Company : Himel | I10: No Information
A11: EXPERT-Standard | B11: Motor Management | C11: Portfolio company | D11: Innovation at the edge | E11: HW | F11: Connected product ? | G11: Commercialized | H11: Company : Himel | I11: No Information
A12: HASBS | B12: Motor Management | C12: Portfolio company | D12: Innovation at the edge | E12: HW | F12: Connected product ? | G12: Commercialized | H12: Company : Himel | I12: No Information
A13: HASXS | B13: Motor Management | C13: Portfolio company | D13: Innovation at the edge | E13: HW | F13: Connected product ? | G13: Commercialized | H13: Company : Himel | I13: No Information
A14: SMART-Pump (himel) | B14: Motor Management | C14: Portfolio company | D14: Innovation at the edge | E14: HW | F14: Connected product ? | G14: Commercialized | H14: Company : Himel | I14: No Information
A15: SOLAR (himel) | B15: Motor Management | C15: Portfolio company | D15: Innovation at the edge | E15: HW | F15: Connected product ? | G15: Commercialized | H15: Company : Himel | I15: No Information
A16: Smart Devices | B16: Home electric | C16: Portfolio company | D16: Innovation at the edge | E16: HW | F16: Connected product ? | G16: Commercialized | H16: Company : Himel | I16: No Information
A17: Reactive Power Compensation Controllers | B17: Power Factor Correction | C17: Portfolio company | D17: Innovation at the edge | E17: HW | F17: Connected product ? | G17: Commercialized | H17: Company : Himel | I17: No Information
A18: Digital Panel Meters | B18: Metering | C18: Portfolio company | D18: Innovation at the edge | E18: HW | F18: Connected product ? | G18: Commercialized | H18: Company : Himel | I18: No Information
A19: Xantrex XW | B19: Solar Off grid and Back up | C19: Solar and Energy Storage | D19: Innovation at the edge | E19: HW | F19: Connected product | G19: End of commercialization | I19: No Information
A20: Conext ComBox | B20: Solar Off grid and Back up | C20: Solar and Energy Storage | D20: Innovation at the edge | E20: HW | F20: Connected product | G20: Commercialized? | I20: Modbus
A21: Conext MPPT | B21: Solar Off grid and Back up | C21: Solar and Energy Storage | D21: Innovation at the edge | E21: HW | F21: Connected product | G21: Commercialized
A22: Insight Energy Management | B22: Solar Off grid and Back up | C22: Solar and Energy Storage | D22: Innovation at the edge | E22: HW/SW | F22: Connected product | G22: Commercialized | H22: Gateway and associated software | I22: Wifi, EIP?, Web-HTTP/HTTPS
A23: Conext SW/XW | B23: Solar Off grid and Back up | C23: Solar and Energy Storage | D23: Innovation at the edge | E23: HW | F23: Connected product | G23: Commercialized | I23: No information
A24: Conext AGS | B24: Solar Off grid and Back up | C24: Solar and Energy Storage | D24: Innovation at the edge | E24: HW | F24: Connected product | G24: Commercialized | H24: By RJ45 | I24: Xanbus
A25: Conext SCP (Solar Control Panel) | B25: Solar Off grid and Back up | C25: Solar and Energy Storage | D25: Innovation at the edge | E25: HW | F25: Connected product | G25: Commercialized | H25: By RJ46 | I25: Xanbus
A26: Conext CL | B26: Solar Off grid and Back up | C26: Solar and Energy Storage | D26: Innovation at the edge

Sheet AVEVA
A1: Product range | B1: Family | C1: LOB | D1: BU | E1: Type | F1: EcoStruxuretruxure Level | G1: State | H1: Notes | I1: Protocols | J1: BacNet | K1: EIP | L1: FTP | M1: HTTP/HTTPS | N1: KNX | O1: mDNS | P1: Modbus Series | Q1: ModbusTCP | R1: SNTP | S1: SNMP | T1: SQL Server | U1: Telnet | V1: DNP3 | W1: Web | X1: SMTP | Y1: SFTP | Z1: 3,4G | AA1: Wifi , IPV4,6 | AB1: IEC 60870-5-103/104/101 | AC1: IEC 61850 | AD1: Zigbee | AE1: Other
A2: AVEVA Batch Management | B2: Industrial Automation and control | C2: Aveva | D2: AVEVA | E2: SW | F2: Analytics | G2: Commercialized | H2: Offer found on SE website | I2: Software
A3: AVEVA Edge | B3: Industrial Automation and control | C3: Aveva | D3: AVEVA | E3: SW | F3: Analytics | G3: Commercialized | H3: Offer found on SE website | I3: Software
A4: AVEVA Insight | B4: Industrial Automation and control | C4: Aveva | D4: AVEVA | E4: SW | F4: Analytics | G4: Commercialized | H4: Offer found on SE website | I4: Software
A5: AVEVA Manufacturing Execution System | B5: Industrial Automation and control | C5: Aveva | D5: AVEVA | E5: SW | F5: Analytics | G5: Commercialized | H5: Offer found on SE website | I5: Software
A6: AVEVA Plant SCADA | B6: Industrial Automation and control | C6: Aveva | D6: AVEVA | E6: SW | F6: Analytics | G6: Commercialized | H6: Offer found on SE website | I6: Software
A7: AVEVA Recipe Management | B7: Industrial Automation and control | C7: Aveva | D7: AVEVA | E7: SW | F7: Analytics | G7: Commercialized | H7: Offer found on SE website | I7: Software
A8: AVEVA System Platform | B8: Industrial Automation and control | C8: Aveva | D8: AVEVA | E8: SW | F8: Analytics | G8: Commercialized | H8: Offer found on SE website | I8: Software
A9: AVEVA Unified Operations Center | B9: Industrial Automation and control | C9: Aveva | D9: AVEVA | E9: SW | F9: Analytics | G9: Commercialized | H9: Offer found on SE website | I9: Software
A10: AVEVA Process Engineering | B10: Industrial Automation and control | C10: Aveva | D10: AVEVA | E10: SW | F10: Analytics | G10: Commercialized | H10: Offer found on SE website | I10: Software
A11: AVEVA Simulation and Learning | B11: Industrial Automation and control | C11: Aveva | D11: AVEVA | E11: SW | F11: Analytics | G11: Commercialized | H11: Offer found on SE website | I11: Software
A12: AVEVA Operations Control | B12: Industrial Automation and control | C12: Aveva | D12: AVEVA | E12: SW | F12: Analytics | G12: Commercialized | H12: Offer found on SE website | I12: Software
A13: AVEVA Work Tasks | B13: Industrial Automation and control | C13: Aveva | D13: AVEVA | E13: SW | F13: Analytics | G13: Commercialized | H13: Offer found on SE website | I13: Software
... A87: AVEVA Operator Training Simulator | B87: Industrial Automation and control | C87: Aveva | D87: AVEVA | E87: SW | F87: Analytics | G87: Commercialized | H87: Offer found on AVEVA HighSpot | I87: Software
B99: AVEVA Highspot : https://aveva.highspot.com/accounts/select/config

Sheet Do NOT Use
C2: Offers not in PP portfolio
B3: No | C3: No | D3: EvoPacT HVX | E3: Medium Voltage Switchgear Components | H3: HW | I3: Connected Produc | J3: Commercialized | L3: No information
B4: No | C4: No | D4: EvoPacT LF | E4: Medium Voltage Switchgear Components | F4: Power Products | G4: Energy management | H4: HW | I4: Connected Produc | J4: Discontinued | L4: No information
B5: No | C5: No | D5: EvoPacT SF | E5: Medium Voltage Switchgear Components | F5: Power Products | G5: Energy management | H5: HW | I5: Connected Produc | J5: Discontinued | L5: No information
B6: No | C6: No | D6: VAH | E6: Medium Voltage Switchgear Components | F6: Power Products | G6: Energy management | H6: HW | I6: Connected Produc | J6: Commercialized | L6: No information
B7: No | C7: No | D7: VigiPacT | E7: Circuit Breakers and Switches | F7: Power Products | G7: Energy management | H7: HW | I7: Connected Produc | J7: Commercialized | L7: Modbus Serie | T7: Y
B8: No | C8: No | D8: MicroLogic | E8: Low Voltage Products and Systems | F8: Power Products | G8: Energy management | H8: HW | I8: Connected Product | J8: End of Commercialization | L8: Modbus Serie, Modbus TCP | T8: Y | U8: Y
B9: No | C9: No | D9: MicroLogic 2.0 | E9: Low Voltage Products and Systems | F9: Power Products | G9: Energy management | H9: HW | I9: Connected Product | J9: End of Commercialization | L9: Modbus Serie, Modbus TCP, bluetooth, | T9: Y | U9: Y
B10: No | C10: No | D10: Canalis | E10: Busbar and cable management | F10: Power Products | G10: Energy management | H10: HW | I10: Connected Product | J10: Commercialized | K10: Com bus DALI & DSI and Product documentation says modbus is applicable (Not sure) | L10: No protocol supported
B11: Yes | C11: No | D11: ComPacT NS Switch-disconnectors | E11: Circuit Breakers and Switches | F11: Power Products | G11: Energy management | H11: HW | I11: Connected Product | J11: Commercialized | L11: No information
C13: Offers not in H&D portfolio
B14: No | C14: No | D14: Hems Logic Gateway | K14: Currently not included in the list. TBD later. | L14: HTTPS
B15: No | C15: No | D15: Twin Bus IP | K15: Currently not included in the list. TBD later. | L15: SIP, SIPs, RTSP
C18: No | D18: No | E18: eConfigure KNX | F18: Residential and Small Business | G18: Home & Distribution | H18: Energy Management | I18: SW | J18: Edge Control | K18: Commercialized | L18: Lite,Expert | M18: Software
B19: No | C19: No | D19: Acti9 iEM2000 | E19: Power metering and control | F19: Home & Distribution | G19: Energy Management | H19: HW | I19: Connected product | J19: Commercialized | K19: Distribution | L19: Modbus Serie | S19: Y
B20: Yes | C20: No | D20: Acti9 iEM3000 | E20: Basic Energy Metering | F20: Home & Distribution | G20: Energy Management | H20: HW | I20: Connected product | J20: Commercialized | K20: Distribution | L20: Bacnet, Modbus serie | M20: Y | S20: Y | Z20: Y
B21: Yes | C21: Yes | D21: Acti9 PowerTag Link | E21: Electrical Protection and control | F21: Home & Distribution | G21: Energy Management | H21: HW | I21: Connected product | J21: Commercialized | K21: Distribution | L21: HTTP/HTTPS, Modbus TCP, Web | P21: Y | T21: Y
B22: Yes | C22: No | D22: Acti9 Smartlink | E22: Power monitoring and control | F22: Home & Distribution | G22: Energy Management | H22: HW | I22: Connected product | J22: Commercialized | K22: Distribution | L22: Modbus RTU, Modbus TCP, Web | S22: Y | T22: Y | Z22: Y
B23: Yes | C23: No | D23: 2000 SERIES CONTROLLER
D24: 3000 SERIES CONTROLLER
B26: No | C26: No | D26: EcoStruxure Power Design Ecodial | E26: energy management software solution | F26: Digital Factory | G26: Industrial Automation | H26: SW | I26: Edge control | J26: Commercialized | K26: Programming software | L26: Software
C29: TO be Deleted
A30: Yes | B30: No | C30: KNX Home Automation | K30: KNX Net/IP, KNX,
A31: No | B31: Yes | C31: homeLYnk | D31: Home Automation | E31: Home & Distribution | F31: Energy Management | G31: HW | H31: Connected product | I31: Commercialized | J31: Home | K31: KNX, ModbusRTU & TCP, BacNet TCP, HTTP, HTTPS, KNX Net/IP | L31: Y | P31: Y | R31: Y | S31: Y
A32: Yes | B32: No | C32: C-Bus Home Automation | J32: 3 controller and servers | K32: HTTPS
C34: Check with DB
A35: Yes | B35: No | C35: PowerLink G4 3500 Level Controller

Sheet Secure Power (extra data)
AK2: NMC
E3: Seen online but cannot identify product | AK3: NMC
AK4: NMC
E5: New Category to be implemented (04 Mar) | AK5: NMC
H6: NMC2 Apps | J6: NMC3 Apps | AK6: NMC
E7: First Level | H7: Name | I7: LOB | J7: App Name | K7: LOB | AK7: NMC
E8: NMC1 | F8: AOS version 1,2,3 | G8: AP9617, AP9618, AP9619 | H8: acrc2g | I8: Cooling | J8: ACRC-2G | K8: Cooling | AK8: NMC
E9: NMC2 | F9: AOS version 5,6,7 | G9: AP9630, AP9631 | H9: acrd2g | I9: Cooling | J9: ACRD-2G | K9: Cooling | AK9: NMC
E10: NMC3 | F10: AOS version 1.3.3.1, 2.5, 3.4 | G10: AP9640, AP9641, AP9544 | H10: acrp2g | I10: Cooling | J10: ACRP-2G | K10: Cooling | AK10: NMC
E11: NMC4 | G11: AP9644 | H11: acrptk2g | I11: Cooling | J11: ACRPTK-2G | K11: Cooling | AK11: NMC
E12: Easy 1P NMC | H12: amico | I12: Cooling | J12: AMICO | K12: Cooling | AK12: NMC
E13: Easy 3P NMC | F13: LOB in SP Divisions | H13: ats | I13: 3 Phase | J13: AQUASCROLL | AK13: NMC
E14: Software | F14: DC - Data Centre Systems | H14: ats4g | I14: 3 Phase | J14: ats4g | K14: 3 Phase | AK14: NMC
E15: Cloud | F15: Cooling | H15: aquacentr | I15: Cooling | J15: BCWC | K15: Cooling | AK15: NMC
E16: UPSD* | F16: T&E - Transactional & Edge | H16: BM4 | I16: 3 Phase | J16: Closecdz | K16: Cooling | AK16: NMC
E17: Gateway? | F17: Software | H17: CHU | I17: 3 Phase | J17: closecdznam | K17: Cooling | AK17: NMC
F18: Services | H18: eb2g | I18: Cooling | J18: EB-2G | K18: Cooling | AK18: NMC
E19: Second Level | H19: Fanwall | I19: Cooling | J19: EMGPX | AK19: NMC
E20: PDU | H20: G300 | I20: 3 Phase | J20: epdu | AK20: NMC
E21: UPS | H21: g7k | I21: 3 Phase | J21: EU1P | AK21: NMC
E22: Cooling | H22: G9KCHU | J22: eu3p | AK22: NMC
H23: grpp | I23: 3 Phase | J23: FanWall | K23: Cooling | AK23: NMC
H24: gvmsa | I24: 3 Phase | J24: Galaxy RPP | K24: 3 Phase | AK24: NMC
H25: gvmts | I25: 3 Phase | J25: Galaxy VM SA | K25: 3 Phase | AK25: NMC
H26: gvxsa | I26: 3 Phase | J26: Galaxy VM TS | K26: 3 Phase | AK26: NMC
H27: gvxts | I27: 3 Phase | J27: Galaxy VX SA | K27: 3 Phase | AK27: NMC
H28: ledx2g | I28: Cooling | J28: Galaxy VX TS | K28: 3 Phase | AK28: NMC
H29: LeoGen2 | I29: Cooling | J29: gmod | AK29: NMC
H30: nb250 | I30: 3 Phase | J30: Ledx-2g | K30: Cooling | AK30: NMC
H31: pmm | I31: 3 Phase | J31: LEGDUE | AK31: NMC
H32: px2 | I32: 3 Phase | J32: LEOgen-2 | K32: Cooling | AK32: NMC
H33: pxc | I33: 3 Phase | J33: nb250 | K33: RPDU | AK33: NMC
H34: rdEdge1xx (saaral) | I34: Cooling | J34: PMM | K34: Rack Power | AK34: NMC
H35: rd3xx | I35: Cooling | J35: PX1 - PX2 | K35: 3 Phase
H36: rpdu | I36: 3 Phase | J36: PXP/PXC | K36: 3 Phase
H37: rx10x2g | I37: Cooling | J37: Rack ATS | K37: Single Phase
H38: sc2g | I38: Cooling | J38: Rd2xxx | K38: Cooling
H39: sumx | I39: HBN | J39: RdEdge1xx (saaral) | K39: Cooling
H40: sxw | I40: 3 Phase | J40: rpdu | K40: RPDU
H41: sy | I41: HBN | J41: RX10x2g | K41: Cooling
H42: sy3p | I42: 3 Phase | J42: SC-2g | K42: Cooling
H43: sypx | I43: 3 Phase | J43: SU | K43: Single Phase
H44: trmchlr | I44: Cooling | J44: SUCAN
H45: unflrsp | I45: Cooling | J45: SXW | K45: 3 Phase
H46: unflrtsa | I46: Cooling | J46: SY | K46: HBN
H47: uniflrle | I47: Cooling | J47: Symmetra PX (Odin) | K47: 3 Phase
H48: uniflrlel | I48: Cooling | J48: TRIMCHILLER | K48: cooling
H49: x84p | I49: 3 Phase | J49: Uniflair SP | K49: Cooling
H50: xpdu | I50: 3 Phase | J50: UniflairLE | K50: Cooling
H51: xrdp | I51: 3 Phase | J51: Uniflairle_l | K51: Cooling
H52: xrdp2g | I52: 3 Phase | J52: UniflairTSA | K52: Cooling
J53: x84P | K53: 3 Phase
J54: XPDU | K54: 3 Phase
J55: XRDP | K55: 3 Phase
J56: XRDP-2G | K56: 3 Phase
A63: No | B63: No | C63: ? | E63: Espace U | F63: No information | G63: Secure Power | H63: Energy Management | I63: HW | J63: Connected product | K63: No information | M63: HTTPS, SNMP, TCP/IP | Q63: Y | U63: Y
A64: No | B64: No | C64: ? | E64: Galaxy Lithium-ion Battery Systems | F64: Uninterruptible Power Supply (UPS) | G64: Secure Power | H64: Energy Management | I64: HW | J64: Connected product | K64: Commercialized | M64: Modbus TCP/IP , Modbus RTU | T64: Y | U64: Y | AK64: Easy 3P NMC
AK65: Easy NMC
A67: No | B67: No | C67: USB | E67: PowerChute Personal Edition | F67: Data Center Software | G67: Secure Power | H67: Energy Management | I67: SW | J67: Edge control | K67: Commercialized | M67: Software
A68: No | B68: No | C68: serial | E68: PowerChute Serial Shutdown | F68: Data Center Software | G68: Secure Power | H68: Energy Management | I68: SW | J68: Edge control | K68: Commercialized | M68: Software | AK68: ?
A69: No | B69: No | C69: Serial | E69: PowerChute Business Edition | F69: Data Center Software | G69: Secure Power | H69: Energy Management | I69: SW | J69: Edge control | K69: Commercialized | M69: Software | AK69: NMC4
A70: No | B70: No | C70: Easy NMC | E70: Easy UPS 1 Ph BVS Series | F70: Uninterruptible Power Supply (UPS) | G70: Critical Power, Cooling and Racks | H70: Secure Power | I70: HW | J70: No information | K70: Commercialized | M70: No information | AK70: Cloud
A71: No | C71: ??? | E71: Cooling Distribution and Piping Accessories | F71: Cooling Solutions | G71: Critical Power, Cooling and Racks | H71: Secure Power | I71: HW | J71: No information | K71: Commercialized | M71: No information | AK71: Easy NMC
A72: No | B72: No | C72: ??? | E72: Console LCD Netshelter | F72: IT Racks and Accessories | G72: Critical Power, Cooling and Racks | H72: Secure Power | I72: HW | J72: No information | K72: Commercialized | M72: No information | AK72: ???
A73: No | B73: No | C73: Cloud | E73: EcoStruxure Asset Advisor | F73: Critical Power Cooling and Racks | G73: Digital Power | H73: Energy Management | I73: SW | J73: Analytics | K73: Commercialized | M73: Software | AK73: ???
A74: No | B74: No | C74: NMC | D74: Cooling | E74: NetShelter Data Center Containment | F74: Cooling Solutions | G74: Critical Power, Cooling and Racks | H74: Secure Power | I74: HW | J74: No information | K74: End of commercialization | M74: No information | AK74: Easy 3P NMC
A75: No | B75: No | C75: Easy NMC | E75: Easy Custom Rack PDUs | F75: IT Power Distribution | G75: Critical Power, Cooling and Racks | H75: Secure Power | I75: HW | J75: Connected product | K75: Commercialized | L75: No reliable information | M75: No information | AK75: Gateway
AK76: Easy NMC

Sheet Secure Power (NEW)
A1: =COUNTIF(Table5486[Seen on BS],"Yes") -> 4 | B1: =COUNTIF(Table5486[Fingerprints available],"Yes") -> 12 | D1: =COUNTA(Table5486[Product range]) -> 84
A2: Seen on BS | B2: Fingerprints available | C2: Category | D2: Product range | E2: Family | F2: LOB | G2: BU | H2: Type | I2: EcoStruxuretruxure Level | J2: State | K2: Notes | L2: Protocols | M2: BacNet | N2: EIP | O2: FTP | P2: HTTP/HTTPS | Q2: KNX | R2: mDNS | S2: Modbus Series | T2: ModbusTCP | U2: SNTP | V2: SNMP | W2: SQL Server | X2: Telnet | Y2: DNP3 | Z2: Web | AA2: SMTP | AB2: SFTP | AC2: 3,4G | AD2: Wifi , IPV4,6 | AE2: IEC 60870-5-103/104/101 | AF2: IEC 61850 | AG2: Zigbee | AH2: Other
B3: No | C3: ? | D3: Console LCD Netshelter | E3: IT Racks and Accessories | F3: Critical Power, Cooling and Racks | G3: Secure Power | H3: HW | I3: No information | J3: Commercialized | L3: No information
B4: Yes | C4: ? | D4: Cooling Distribution and Piping Accessories | E4: Cooling Solutions | F4: Critical Power, Cooling and Racks | G4: Secure Power | H4: HW | I4: No information | J4: Commercialized | L4: No information
B5: No | C5: Easy NMC | D5: Easy Basic Rack PDU | E5: IT Power Distribution | F5: Critical Power, Cooling and Racks | G5: Secure Power | H5: HW | I5: No information | J5: Commercialized | L5: No information
B6: Yes | C6: Easy NMC | D6: Easy Cooling Row CW | E6: Cooling Solutions | F6: Secure Power | G6: Energy Management | H6: HW | I6: Connected product | J6: Commercialized | L6: Modbus RTU, Modbus TCP | S6: Y | T6: Y
B7: No | C7: Easy NMC | D7: Easy Custom Rack PDUs | E7: IT Power Distribution | F7: Critical Power, Cooling and Racks | G7: Secure Power | H7: HW | I7: Connected product | J7: Commercialized | K7: No reliable information | L7: No information
B8: No | C8: Easy NMC | D8: Easy Metered Rack PDU | E8: IT Power Distribution | F8: Secure Power | G8: Energy Management | H8: HW | I8: Connected product | J8: Commercialized | L8: HTTP/HTTPS , SNMP | P8: Y | V8: Y
B9: No | C9: Easy NMC | D9: Easy Micro Data Center Serie C | E9: IT Racks and Accessories | F9: Secure Power | G9: Energy Management | H9: HW | I9: Connected product | J9: Commercialized | K9: Phone and application available | L9: No information | Z9: Y
B10: No | C10: Easy NMC | D10: Easy Micro Data Center Serie R | E10: IT Racks and Accessories | F10: Secure Power | G10: Energy Management | H10: HW | I10: Connected product | J10: Commercialized | K10: Phone and application available | L10: No information | Z10: Y
B11: No | C11: Easy NMC | D11: Easy Micro Data Center Serie S | E11: IT Racks and Accessories | F11: Secure Power | G11: Energy Management | H11: HW | I11: Connected product | J11: Commercialized | K11: Phone and application available | L11: No information | Z11: Y
B12: Yes | C12: Easy NMC | D12: Easy Switched Rack PDU | E12: IT Power Distribution | F12: Secure Power | G12: Energy Management | H12: HW | I12: Connected product | J12: Commercialized | L12: HTTP/HTTPS , SNMP | P12: Y | V12: Y
B13: No | C13: Easy NMC | D13: Easy UPS 1 Ph BVS Series | E13: Uninterruptible Power Supply (UPS) | F13: Critical Power, Cooling and Racks | G13: Secure Power | H13: HW | I13: No information | J13: Commercialized | L13: No information
B14: Yes | C14: Easy NMC | D14: Easy UPS 1 Ph On-Line | E14: Uninterruptible Power Supply (UPS) | F14: Secure Power | G14: Energy Management | H14: HW | I14: Connected product | J14: Commercialized | L14: Modbus & SNMP | S14: Y | T14: Y? | V14: Y
B15: Yes | C15: Easy 3P NMC | D15: Easy UPS 3L | E15: Uninterruptible Power Supply (UPS) | F15: Secure Power | G15: Energy Management | H15: HW | I15: Connected product | J15: Commercialized | L15: RS485, dry contacts, Ethernet (SNMP, Modbus, TCP/IP, BACnet) & Web | M15: Y | S15: Y | T15: ? | V15: Y
B16: No | C16: Easy 3P NMC | D16: Easy UPS 3L smock extraction | E16: Uninterruptible Power Supply (UPS) | F16: Secure Power | G16: Energy Management | H16: HW | I16: Connected product | J16: Commercialized | L16: SNMP & Modbus Serie ? | S16: Y? | V16: Y
B17: No | C17: Easy 3P NMC | D17: Easy UPS 3M | E17: Uninterruptible Power Supply (UPS) | F17: Secure Power | G17: Energy Management | H17: HW | I17: Connected product | J17: Commercialized | L17: Modbus Serie, Modbus TCP, Bacnet, Web | M17: Y | S17: Y | T17: Y | V17: Y | Z17: Y
B18: No | C18: Easy 3P NMC | D18: Easy UPS 3M smock extraction | E18: Uninterruptible Power Supply (UPS) | F18: Secure Power | G18: Energy Management | H18: HW | I18: Connected product | J18: Commercialized | L18: SNMP & Modbus Serie ? | S18: Y? | V18: Y
B19: No | C19: Easy 3P NMC | D19: Easy UPS 3-Phase Modular | E19: Uninterruptible Power Supply (UPS) | F19: Secure Power | G19: Energy Management | H19: HW | I19: Connected product | J19: Commercialized | L19: Modbus TCP, Modbus Series Ethernet IP, BacNet | M19: Y | N19: Y | S19: Y | T19: Y | V19: Y
B20: No | C20: Easy 3P NMC | D20: Easy UPS 3S | E20: Uninterruptible Power Supply (UPS) | F20: Secure Power | G20: Energy Management | H20: HW | I20: Connected product | J20: Commercialized | L20: RS485, dry contacts, Ethernet (SNMP, Modbus, TCP/IP, BACnet) & Web | M20: Y | S20: Y | T20: ? | V20: Y | Z20: Y
B21: No | C21: Easy 3P NMC | D21: Easy UPS 3-Series Accessories | E21: Uninterruptible Power Supply (UPS) | F21: Secure Power | G21: Energy Management | H21: HW | I21: Connected product | J21: Commercialized | L21: No information
B22: No | C22: Easy NMC | D22: Easy UPS Lithium Ion SRVL & SRVLS | E22: Uninterruptible Power Supply (UPS) | F22: Secure Power | G22: Energy Management | H22: HW | I22: Connected product | J22: Commercialized | L22: Web, SSH, HTTPS, Modbus (Not sure) | S22: Y? | T22: Y? | V22: Y | Z22: Y
B23: No | C23: Easy NMC | D23: Easy UPS On-Line | E23: Uninterruptible Power Supply (UPS) | F23: Critical Power, Cooling and Racks | G23: Secure Power | H23: HW | I23: No information | J23: Commercialized | L23: No information
B24: No | C24: Easy NMC | D24: Easy UPS Security Light | E24: Uninterruptible Power Supply (UPS) | F24: Secure Power | G24: Energy Management | H24: HW | I24: Connected product | J24: Commercialized | L24: Modbus Serial , SNMP , Modbus TCP/IP | S24: Y | T24: Y | V24: Y
B25: No | C25: Easy NMC | D25: Easy UPS SMVS | E25: Uninterruptible Power Supply (UPS) | F25: Secure Power | G25: Energy Management | H25: HW | I25: Connected product | J25: Commercialized | L25: Web SNMP | V25: Y | Z25: Y
B26: No | C26: Easy NMC | D26: Easy UPS SRVLS | E26: Uninterruptible Power Supply (UPS) | F26: Secure Power | G26: Energy Management | H26: HW | I26: Connected product | J26: Commercialized | L26: Web SNMP , Modbus | S26: Y? | T26: Y? | V26: Y | Z26: Y
B27: No | C27: Easy NMC | D27: Easy UPS SRVS | E27: Uninterruptible Power Supply (UPS) | F27: Secure Power | G27: Energy Management | H27: HW | I27: Connected product | J27: Commercialized | L27: SNMP, Web, Modbus serie | S27: Y | V27: Y | Z27: Y
B28: No | C28: Easy NMC | D28: Easy UPS SVRS | E28: Uninterruptible Power Supply (UPS) | F28: Secure Power | G28: Energy Management | H28: HW | I28: Connected product | J28: Commercialized | L28: Web SNMP , Modbus series | S28: Y | V28: Y | Z28: Y
B29: No | C29: Cloud | D29: EcoStruxure Asset Advisor | E29: Critical Power Cooling and Racks | F29: Digital Power | G29: Energy Management | H29: SW | I29: Analytics | J29: Commercialized | L29: Software
B30: No | C30: Cloud | D30: EcoStruxuretruxure IT Advisor | E30: Data Center Software | F30: Secure Power | G30: Energy Management | H30: SW | I30: Analytics | J30: Commercialized | L30: Software
B31: No | C31: Cloud | D31: EcoStruxuretruxure IT Expert | E31: Data Center Software | F31: Secure Power | G31: Energy Management | H31: SW | I31: Edge control | J31: Commercialized | L31: Software
B32: No | C32: Gateway | D32: EcoStruxuretruxure IT Gateway NUC | E32: Data Center Software | F32: Secure Power | G32: Energy Management | H32: HW | I32: Connected product | J32: End of commercialization | L32: SNMP, Modbus RTU, Modbus TCP, HTTP/HTTPS,FTP | O32: Y | P32: Y | S32: Y | T32: Y | V32: Y
B33: No | C33: Cloud | D33: EcoStruxuretruxure IT SmartConnect | E33: Data Center Software | F33: Secure Power | G33: Energy Management | H33: SW | I33: Edge control | J33: Commercialized | L33: Software
B34: No | C34: ? | D34: Espace U | E34: No information | F34: Secure Power | G34: Energy Management | H34: HW | I34: Connected product | J34: No information | L34: HTTPS, SNMP, TCP/IP | P34: Y | T34: Y
B35: No | C35: ? | D35: Galaxy Lithium-ion Battery Systems | E35: Uninterruptible Power Supply (UPS) | F35: Secure Power | G35: Energy Management | H35: HW | I35: Connected product | J35: Commercialized | L35: Modbus TCP/IP , Modbus RTU | S35: Y | T35: Y
B36: No | C36: NMC4 | D36: Galaxy PW Gen 2 | E36: Uninterruptible Power Supply (UPS) | F36: Secure Power | G36: Energy Management | H36: HW | I36: Connected product | J36: Commercialized | L36: Modbus Series , Web,SNMP | S36: Y | V36: Y | Z36: Y
B37: No | C37: NMC4 | D37: Galaxy VL | E37: Uninterruptible Power Supply (UPS) | F37: Secure Power | G37: Energy Management | H37: HW | I37: Connected product | J37: Commercialized | L37: Modbus (SCADA) , Modbus TCP/IP , Modbus RTU | S37: Y | T37: Y
B38: No | C38: NMC4 | D38: Galaxy VM | E38: Uninterruptible Power Supply (UPS) | F38: Secure Power | G38: Energy Management | H38: HW | I38: Connected product | J38: Commercialized | L38: Modbus (SCADA) , Modbus TCP/IP , Modbus RTU | S38: Y | T38: Y
B39: Yes | C39: NMC4 | D39: Galaxy VS | E39: Uninterruptible Power Supply (UPS) | F39: Secure Power | G39: Energy Management | H39: HW | I39: Connected product | J39: Commercialized | L39: Modbus (SCADA) , Modbus TCP/IP , Modbus RTU ?, Web | S39: Y? | T39: Y | Z39: Y
B40: No | C40: NMC4 | D40: Galaxy VX | E40: Uninterruptible Power Supply (UPS) | F40: Secure Power | G40: Energy Management | H40: HW | I40: Connected product | J40: Commercialized | L40: Modbus TCP/IP & Modbus Series, Web,SNMP | O40: Mail | S40: Y | T40: Y | V40: Y
B41: No | C41: Netbotz 750 | D41: NetBotz | E41: Security and Environmental Monitoring | F41: Secure Power | G41: Energy Management | H41: HW | I41: Connected product | J41: Commercialized | L41: HTTPS, SNMP, TCP/IP, SSH? | P41: Y | T41: Y | V41: Y | Z41: Y? | AH41: SSH?
B42: No | C42: NMC | D42: NetShelter Basic Rack PDUs | E42: IT Power Distribution | F42: Secure Power | G42: Energy Management | H42: HW | I42: Connected product | J42: Commercialized | L42: Modbus ? | S42: Y? | T42: Y?
B43: No | C43: NMC | D43: NetShelter Custom Rack PDUs | E43: IT Power Distribution | F43: Secure Power | G43: Energy Management | H43: HW | I43: Connected product | J43: Commercialized | L43: TelNet, SNMP, Web | V43: Y | X43: Y | Z43: Y
B44: No | C44: NMC | D44: NetShelter Data Center Containment | E44: Cooling Solutions | F44: Critical Power, Cooling and Racks | G44: Secure Power | H44: HW | I44: No information | J44: End of commercialization | L44: No information
B45: No | C45: NMC | D45: NetShelter Metered Rack PDUs | E45: IT Power Distribution | F45: Secure Power | G45: Energy Management | H45: HW | I45: Connected product | J45: Commercialized | L45: Web & SNMP, SSH?, EcoStruxuretruxure interace, Modbus ? | S45: Y? | T45: Y? | V45: Y | Z45: Y | AH45: SSH?
B46: No | C46: NMC | D46: NetShelter Metered-by-Outlet Rack PDUs | E46: IT Power Distribution | F46: Secure Power | G46: Energy Management | H46: HW | I46: Connected product | J46: Commercialized | L46: Modbus TCP/IP, IPv4&6, snmp, ftp, web, | O46: Y | T46: Y | V46: Y | Z46: Y | AD46: Y
B47: No | C47: NMC | D47: NetShelter Rack PDU Advanced | E47: IT Power Distribution | F47: Secure Power | G47: Energy Management | H47: HW | I47: Connected product | J47: Commercialized | L47: IPv4&6, Web, SNMP | V47: Y | Z47: Y | AD47: Y
B48: No | C48: NMC | D48: NetShelter Switched Metered Outlet PDUs | E48: IT Power Distribution | F48: Secure Power | G48: Energy Management | H48: HW | I48: Connected product | J48: Commercialized | L48: Web, SNMP | V48: Y | Z48: Y
B49: No | C49: NMC | D49: NetShelter Switched Rack PDUs | E49: IT Power Distribution | F49: Secure Power | G49: Energy Management | H49: HW | I49: Connected product | J49: Commercialized | L49: Software
B50: Yes | C50: NMC | D50: Network Managment Card | E50: Data Center Software | F50: Secure Power | G50: Energy Management | H50: HW | I50: Connected product | J50: Commercialized | L50: SNMP, Web, FTP Modbus serie | O50: Y | S50: Y | V50: Y | Z50: Y
B51: No | C51: NMC | D51: PowerChute Network Shutdown | E51: Data Center Software | F51: Secure Power | G51: Energy Management | H51: SW | I51: Edge control | J51: Commercialized | L51: Software
B52: Yes | C52: NMC | D52: Smart-UPS | E52: Uninterruptible Power Supply (UPS) | F52: Secure Power | G52: Energy Management | H52: HW | I52: Connected product | J52: Commercialized | L52: SNMP & Web, FTP& Modbus Serie with optional card | O52: Y | S52: Y | Z52: Y
B53: No | C53: NMC | D53: Smart-UPS Battery Systems | E53: Uninterruptible Power Supply (UPS) | F53: Critical Power, Cooling and Racks | G53: Secure Power | H53: HW | I53: No information | J53: Commercialized | L53: No information
B54: No | C54: NMC | D54: Smart-UPS On-Line | E54: Uninterruptible Power Supply (UPS) | F54: Secure Power | G54: Energy Management | H54: HW | I54: Connected product | J54: Commercialized | L54: Web, Modbus Serie, SNMP, FTP, TelNet with a card | P54: Y? | S54: Y | V54: Y | X54: Y | AD54: Y
B55: No | C55: NMC | D55: Smart-UPS On-Line SR1 | E55: Uninterruptible Power Supply (UPS) | F55: Secure Power | G55: Energy Management | H55: HW | I55: Connected product | J55: Commercialized | L55: Web, Modbus Serie, SNMP, FTP, TelNet with a card | P55: Y? | S55: Y | V55: Y | X55: Y | AD55: Y
B56: No | C56: NMC | D56: Smart-UPS SCL,SMTL | E56: Uninterruptible Power Supply (UPS) | F56: Secure Power | G56: Energy Management | H56: HW | I56: Connected product | J56: Commercialized | L56: Web, SNMP | V56: Y | Z56: Y
B57: No | C57: NMC | D57: Smart-UPS SMT | E57: Uninterruptible Power Supply (UPS) | F57: Secure Power | G57: Energy Management | H57: HW | I57: Connected product | J57: Commercialized | L57: Web, SNMP | V57: Y | Z57: Y
B58: No | C58: NMC | D58: Smart-UPS SMX | E58: Uninterruptible Power Supply (UPS) | F58: Secure Power | G58: Energy Management | H58: HW | I58: Connected product | J58: Commercialized | L58: Web, SNMP | V58: Y | Z58: Y
B59: Yes | C59: NMC | D59: Smart-UPS SRT | E59: Uninterruptible Power Supply (UPS) | F59: Secure Power | G59: Energy Management | H59: HW | I59: Connected product | J59: Commercialized | L59: Web SNMP ,Modbus serial , HTTP | P59: ? | S59: Y | V59: Y
B60: No | C60: NMC | D60: Smart-UPS SRTG | E60: Uninterruptible Power Supply (UPS) | F60: Secure Power | G60: Energy Management | H60: HW | I60: Connected product | J60: Commercialized | L60: Modbus serial | S60: Y
B61: No | C61: NMC | D61: Smart-UPS SRTL | E61: Uninterruptible Power Supply (UPS) | F61: Secure Power | G61: Energy Management | H61: HW | I61: Connected product | J61: Commercialized | L61: Web,SNMP | V61: Y | Z61: Y
B62: Yes | C62: NMC | D62: Smart-UPS SURT & RT | E62: Uninterruptible Power Supply (UPS) | F62: Secure Power | G62: Energy Management | H62: HW | I62: Connected product | J62: Commercialized | L62: Web,SNMP | S62: Y | V62: Y | Z62: ?
B63: No | C63: NMC | D63: Smart-UPS Ultra | E63: Uninterruptible Power Supply (UPS) | F63: Secure Power | G63: Energy Management | H63: HW | I63: Connected product | J63: Commercialized | L63: Web, Modbus Serie, SNMP, FTP, TelNet? with a card | P63: Y | S63: Y | V63: Y | X63: Y? | Z63: Y
B64: Yes | C64: NMC | D64: Symmetra | E64: Uninterruptible Power Supply (UPS) | F64: Critical Power, Cooling and Racks | G64: Secure Power | H64: HW | I64: No information | J64: Commercialized | L64: No information
B65: No | C65: NMC | D65: Symmetra LX | F65: Secure Power | G65: Energy Management | H65: HW | I65: Connected product | J65: Commercialized | L65: Web,SNMP, Wifi, | V65: Y | Z65: Y | AD65: Y
B66: Yes | C66: NMC | D66: Symmetra PX | E66: Uninterruptible Power Supply (UPS) | F66: Secure Power | G66: Energy Management | H66: HW | I66: Connected product | J66: Commercialized | L66: HTTP, Modbus RTU, IPV6, SNMP | P66: Y | S66: Y | V66: Y | AD66: Y
B67: No | C67: NMC | D67: Symmetra PX Modular | E67: Uninterruptible Power Supply (UPS) | F67: Secure Power | G67: Energy Management | H67: HW | I67: Connected product | J67: Commercialized | L67: SNMP | V67: Y
B68: No | C68: NMC | D68: Three-phase Power Transfer System (specific offer) | E68: Uninterruptible Power Supply (UPS) | F68: Secure Power | G68: Energy Management | H68: HW | I68: Connected product | J68: Commercialized | L68: Modbus Serie maybe more | S68: Y
B69: No | C69: NMC | D69: Unfilair Air Cooled Chillers | E69: Cooling Solutions | F69: Secure Power | G69: Energy Management | H69: HW | I69: Connected product | J69: Commercialized | L69: SNMP, Modbus TCP/IP, Modbus RTU, BacNet | M69: Y | S69: Y | T69: Y | V69: Y
B70: No | C70: NMC | D70: Unflair Indirect Economizers | E70: Cooling Solutions | F70: Secure Power | G70: Energy Management | H70: HW | I70: Connected product | J70: Commercialized | L70: Modbus | S70: Y? | T70: Y?
B71: No | C71: NMC | D71: Uniflair Ceiling Mounted Split Room Cooling | E71: Cooling Solutions | F71: Secure Power | G71: Energy Management | H71: HW | I71: Connected product | J71: Commercialized | L71: Web, Telnet, SSH | X71: Y | Z71: Y | AH71: SSH
B72: No | C72: NMC | D72: Uniflair Ducted Chillers | E72: Cooling Solutions | F72: Critical Power, Cooling and Racks | G72: Secure Power | H72: HW | I72: No information | J72: Commercialized | L72: No information
B73: No | C73: NMC | D73: Uniflair Free Cooling Chillers | E73: Cooling Solutions | F73: Secure Power | G73: Energy Management | H73: HW | I73: Connected product | J73: Commercialized | L73: Web, Telnet & SSH | X73: Y | Z73: Y | AH73: SSH
B74: No | C74: NMC | D74: Uniflair Med,Large Room Cooling | E74: Cooling Solutions | F74: Secure Power | G74: Energy Management | H74: HW | I74: Connected product | J74: Commercialized | L74: Web, Telnet & SSH, Bacnet, Modbus | M74: Y | S74: Y? | T74: Y? | X74: Y | Z74: Y | AH74: SSH
B75: No | C75: NMC | D75: Uniflair Monoblock Room Cooling | E75: Cooling Solutions | F75: Secure Power | G75: Energy Management | H75: HW | I75: Connected product | J75: Commercialized | L75: Web, Telnet & SSH, Bacnet, Modbus | M75: Y | S75: Y? | T75: Y? | X75: Y | Z75: Y | AH75: SSH
B76: No | C76: NMC | D76: Uniflair Rack Mounted Room Cooling | E76: Cooling Solutions | F76: Secure Power | G76: Energy Management | H76: HW | I76: Connected product | J76: Commercialized | L76: Modbus Serie | S76: Y
B77: No | C77: NMC | D77: Uniflair Small Room Cooling | E77: Cooling Solutions | F77: Secure Power | G77: Energy Management | H77: HW | I77: Connected product | J77: Commercialized | L77: SNMP, Modbus TCP/IP & RTU, BacNet | M77: Y | S77: Y | T77: Y | V77: Y
B78: No | C78: NMC | D78: Uniflair SP | E78: Cooling Solutions | F78: Secure Power | G78: Energy Management | H78: HW | I78: Connected product | J78: Commercialized | L78: Modbus TCP, Telnet, SSH, FTP, HTTP/HTTPS?, SNMP | O78: Y | P78: Y | T78: Y | V78: Y | X78: Y | AD78: Y
B79: No | C79: NMC | D79: Uniflair Wall Mount Room Cooling | E79: Cooling Solutions | F79: Secure Power | G79: Energy Management | H79: HW | I79: Connected product | J79: Commercialized | L79: HTTP/HTTPS, Telnet & SSH?, Bacnet, Modbus | M79: Y | S79: Y? | T79: Y? | X79: Y | Z79: Y | AH79: SSH
B80: No | C80: NMC | D80: Uniflair Water Chilled Unit | E80: Cooling Solutions | F80: Critical Power, Cooling and Racks | G80: Secure Power | H80: HW | I80: No information | J80: No information | L80: Modbus, SNMP?, | S80: Y? | T80: Y? | V80: Y?
B81: No | C81: NMC | D81: Uniflair Water Cooled Chillers | E81: Cooling Solutions | F81: Secure Power | G81: Energy Management | H81: HW | I81: Connected product | J81: Commercialized | L81: HTTP/HTTPS, Telnet & SSH?, Bacnet, Modbus | M81: Y | S81: Y? | T81: Y? | X81: Y | Z81: Y | AH81: SSH
B82: No | C82: NMC | D82: UPS Network Management Cards | E82: Uninterruptible Power Supply (UPS) | F82: Secure Power | G82: Energy Management | H82: HW | I82: Connected product | J82: Commercialized | L82: SSH, HTTP/HTTPS, , SNMP, FTP, IPv4&6, Modbus? | M82: Y | O82: Y | P82: Y | S82: Y | T82: Y | V82: Y | Z82: Y | AD82: Y
A83: Yes | B83: No | C83: NMC | D83: EcoStruxure Micro Data Centers
A84: Yes | B84: No | C84: NMC | D84: Rack Power Distribution
A85: Yes | B85: No | C85: NMC | D85: Smart-UPS
A86: Yes | B86: No | C86: NMC | D86: UPS Management
D89: Seen online but cannot identify product
D91: New Category to be implemented (04 Mar)
D93: First Level
D94: NMC
D95: NMC2
D96: NMC3
D97: NMC4
D98: Easy 1P NMC
D99: Easy 3P NMC
D100: Software
D101: Cloud
D102: UPSD*
... D108: Cooling
B112: No | C112: Cooling: ACRC chilled water AFC | D112: Active flow controller | E112: IT Racks and Accessories | F112: Secure Power | G112: Energy Management | H112: HW | I112: Connected product | J112: Commercialized | L112: Modbus Series | S112: Y
...
